Date,Close,Retorno
01/09/2014,"2,510057225",-
02/09/2014,"2,510057225","0,00"
03/09/2014,"2,510057225","0,00"
04/09/2014,"2,510057225","0,00"
05/09/2014,"2,510057225","0,00"
08/09/2014,"2,510057225","0,00"
09/09/2014,"2,510057225","0,00"
10/09/2014,"2,510057225","0,00"
11/09/2014,"2,517587397","0,30"
12/09/2014,"2,518842426","0,05"
15/09/2014,"2,520097454","0,05"
16/09/2014,-,-
17/09/2014,-,-
18/09/2014,"2,52386254",-
19/09/2014,"2,525117569","0,05"
22/09/2014,-,-
23/09/2014,"2,527627626",-
24/09/2014,"2,528882655","0,05"
25/09/2014,"2,530137683","0,05"
26/09/2014,"2,531392712","0,05"
29/09/2014,-,-
30/09/2014,"2,53264774",-
01/10/2014,"2,532303505","-0,01"
02/10/2014,"2,533567129","0,05"
03/10/2014,-,-
06/10/2014,"2,534830754",-
07/10/2014,"2,536094378","0,05"
08/10/2014,"2,537358003","0,05"
09/10/2014,"2,538621627","0,05"
10/10/2014,"2,539885252","0,05"
13/10/2014,"2,541148876","0,05"
14/10/2014,"2,527249007","-0,55"
15/10/2014,"2,543676125","0,65"
16/10/2014,"2,54493975","0,05"
17/10/2014,"2,546203374","0,05"
20/10/2014,"2,547466999","0,05"
21/10/2014,"2,548730623","0,05"
22/10/2014,"2,549994248","0,05"
23/10/2014,"2,551257872","0,05"
24/10/2014,-,-
27/10/2014,"2,551257872",-
28/10/2014,"2,552521497","0,05"
29/10/2014,"2,551257872","-0,05"
30/10/2014,"2,551257872","0,00"
31/10/2014,"2,551257872","0,00"
03/11/2014,-,-
04/11/2014,"2,552361417",-
05/11/2014,"2,553634415","0,05"
06/11/2014,-,-
07/11/2014,"2,556180412",-
10/11/2014,-,-
11/11/2014,-,-
12/11/2014,-,-
13/11/2014,-,-
14/11/2014,"2,55745341",-
17/11/2014,"2,558726408","0,05"
18/11/2014,"2,559999406","0,05"
19/11/2014,"2,561272405","0,05"
20/11/2014,-,-
21/11/2014,"2,561272405","0,00"
24/11/2014,"2,561272405","0,00"
25/11/2014,-,-
26/11/2014,-,-
27/11/2014,"2,566364397",-
28/11/2014,"2,545996426","-0,79"
01/12/2014,"2,606800202","2,39"
02/12/2014,"2,6080939","0,05"
03/12/2014,"2,609387597","0,05"
04/12/2014,-,-
05/12/2014,"2,611974992",-
08/12/2014,"2,613268689","0,05"
09/12/2014,"2,614562387","0,05"
10/12/2014,"2,614562387","0,00"
11/12/2014,"2,626205663","0,45"
12/12/2014,"2,63267415","0,25"
15/12/2014,"2,635261545","0,10"
16/12/2014,"2,636555242","0,05"
17/12/2014,"2,595156926","-1,57"
18/12/2014,-,-
19/12/2014,"2,640436334",-
22/12/2014,-,-
23/12/2014,"2,641730031",-
24/12/2014,-,-
25/12/2014,-,-
26/12/2014,"2,643023729","0,05"
29/12/2014,"2,644317426","0,05"
30/12/2014,"2,645611124","0,05"
31/12/2014,-,-
01/01/2015,-,-
02/01/2015,"2,66390059","0,69"
05/01/2015,"2,670527209","0,25"
06/01/2015,"2,673177856","0,10"
07/01/2015,"2,675828503","0,10"
08/01/2015,"2,678479151","0,10"
09/01/2015,"2,681129798","0,10"
12/01/2015,"2,683780445","0,10"
13/01/2015,"2,686431093","0,10"
14/01/2015,"2,68908174","0,10"
15/01/2015,"2,691732387","0,10"
16/01/2015,"2,695708358","0,15"
19/01/2015,"2,698359006","0,10"
20/01/2015,"2,698359006","0,00"
21/01/2015,"2,703660301","0,20"
22/01/2015,"2,706310948","0,10"
23/01/2015,"2,708961595","0,10"
26/01/2015,"2,710286919","0,05"
27/01/2015,"2,712937566","0,10"
28/01/2015,"2,71426289","0,05"
29/01/2015,"2,715588214","0,05"
30/01/2015,-,-
02/02/2015,"2,7203889",-
03/02/2015,"2,721722424","0,05"
04/02/2015,"2,721722424","0,00"
05/02/2015,-,-
06/02/2015,"2,679849771",-
09/02/2015,-,-
10/02/2015,"2,73372414",-
11/02/2015,-,-
12/02/2015,"2,735057664",-
13/02/2015,"2,7203889","-0,54"
16/02/2015,-,-
17/02/2015,-,-
18/02/2015,-,-
19/02/2015,"2,739058236",-
20/02/2015,-,-
23/02/2015,"2,739058236",-
24/02/2015,"2,740391759","0,05"
25/02/2015,-,-
26/02/2015,"2,741725283",-
27/02/2015,"2,743058807","0,05"
02/03/2015,"2,747098658","0,15"
03/03/2015,-,-
04/03/2015,"2,749791892",-
05/03/2015,"2,693233979","-2,06"
06/03/2015,"2,752485126","2,20"
09/03/2015,-,-
10/03/2015,"2,75517836",-
11/03/2015,-,-
12/03/2015,-,-
13/03/2015,"2,757871594",-
16/03/2015,"2,759218211","0,05"
17/03/2015,"2,760564828","0,05"
18/03/2015,"2,761911445","0,05"
19/03/2015,"2,763258062","0,05"
20/03/2015,-,-
23/03/2015,-,-
24/03/2015,"2,701313681",-
25/03/2015,"2,767297913","2,44"
26/03/2015,"2,76864453","0,05"
27/03/2015,-,-
30/03/2015,"2,771337764",-
31/03/2015,"2,772684381","0,05"
01/04/2015,-,-
02/04/2015,"2,77295624",-
03/04/2015,-,-
06/04/2015,"2,718584549","-1,96"
07/04/2015,"2,777034116","2,15"
08/04/2015,"2,778393409","0,05"
09/04/2015,"2,779752701","0,05"
10/04/2015,"2,781111993","0,05"
13/04/2015,"2,782471286","0,05"
14/04/2015,"2,783830578","0,05"
15/04/2015,"2,78518987","0,05"
16/04/2015,"2,786549162","0,05"
17/04/2015,-,-
20/04/2015,-,-
21/04/2015,-,-
22/04/2015,"2,790627039",-
23/04/2015,"2,791986331","0,05"
24/04/2015,"2,793345624","0,05"
27/04/2015,"2,794704916","0,05"
28/04/2015,-,-
29/04/2015,-,-
30/04/2015,"2,798782793",-
01/05/2015,-,-
04/05/2015,"2,800458061","0,06"
05/05/2015,"2,737495661","-2,25"
06/05/2015,-,-
07/05/2015,"2,804564304",-
08/05/2015,-,-
11/05/2015,-,-
12/05/2015,-,-
13/05/2015,"2,810039296",-
14/05/2015,"2,805933052","-0,15"
15/05/2015,"2,812776791","0,24"
18/05/2015,"2,814145539","0,05"
19/05/2015,"2,815514287","0,05"
20/05/2015,"2,816883035","0,05"
21/05/2015,-,-
22/05/2015,-,-
25/05/2015,"2,81962053",-
26/05/2015,-,-
27/05/2015,"2,822358026",-
28/05/2015,"2,823726774","0,05"
29/05/2015,-,-
01/06/2015,"2,840752712",-
02/06/2015,"2,842131718","0,05"
03/06/2015,-,-
04/06/2015,-,-
05/06/2015,"2,84488973",-
08/06/2015,"2,846268736","0,05"
09/06/2015,"2,758012341","-3,10"
10/06/2015,"2,849026749","3,30"
11/06/2015,"2,850405755","0,05"
12/06/2015,"2,851784761","0,05"
15/06/2015,"2,853163767","0,05"
16/06/2015,"2,854542773","0,05"
17/06/2015,"2,854542773","0,00"
18/06/2015,"2,857300786","0,10"
19/06/2015,"2,858679792","0,05"
22/06/2015,"2,860058798","0,05"
23/06/2015,"2,861437804","0,05"
24/06/2015,"2,86281681","0,05"
25/06/2015,"2,864195817","0,05"
26/06/2015,"2,865574823","0,05"
29/06/2015,"2,866953829","0,05"
30/06/2015,"2,865299022","-0,06"
01/07/2015,"2,883092456","0,62"
02/07/2015,-,-
03/07/2015,-,-
06/07/2015,"2,886706748",-
07/07/2015,"2,888652904","0,07"
08/07/2015,-,-
09/07/2015,-,-
10/07/2015,-,-
13/07/2015,"2,891433129",-
14/07/2015,"2,888652904","-0,10"
15/07/2015,"2,894213353","0,19"
16/07/2015,"2,895603465","0,05"
17/07/2015,"2,896993577","0,05"
20/07/2015,"2,898383689","0,05"
21/07/2015,"2,899773801","0,05"
22/07/2015,"2,901163913","0,05"
23/07/2015,-,-
24/07/2015,"2,902554025",-
27/07/2015,-,-
28/07/2015,"2,806080247",-
29/07/2015,-,-
30/07/2015,"2,908114474",-
31/07/2015,"2,909504586","0,05"
03/08/2015,"2,919522555","0,34"
04/08/2015,-,-
05/08/2015,"2,922384832",-
06/08/2015,"2,868287797","-1,85"
07/08/2015,"2,925247109","1,99"
10/08/2015,"2,926678248","0,05"
11/08/2015,"2,928109386","0,05"
12/08/2015,"2,890899785","-1,27"
13/08/2015,-,-
14/08/2015,"2,932402802",-
17/08/2015,"2,93383394","0,05"
18/08/2015,"2,935265079","0,05"
19/08/2015,"2,932402802","-0,10"
20/08/2015,"2,932402802","0,00"
21/08/2015,-,-
24/08/2015,"2,940989633",-
25/08/2015,"2,942134544","0,04"
26/08/2015,"2,94385191","0,06"
27/08/2015,"2,945283048","0,05"
28/08/2015,"2,946714187","0,05"
31/08/2015,-,-
01/09/2015,"2,86657043",-
02/09/2015,"2,957825578","3,18"
03/09/2015,"2,983898477","0,88"
04/09/2015,-,-
07/09/2015,-,-
08/09/2015,-,-
09/09/2015,-,-
10/09/2015,-,-
11/09/2015,"2,954928589",-
14/09/2015,"2,967095942","0,41"
15/09/2015,"2,967965039","0,03"
16/09/2015,"2,970862028","0,10"
17/09/2015,"2,969413533","-0,05"
18/09/2015,-,-
21/09/2015,"2,974917812",-
22/09/2015,"2,976076608","0,04"
23/09/2015,-,-
24/09/2015,-,-
25/09/2015,-,-
28/09/2015,-,-
29/09/2015,"2,983898477",-
30/09/2015,-,-
01/10/2015,-,-
02/10/2015,-,-
05/10/2015,"3,074470641",-
06/10/2015,-,-
07/10/2015,"2,931137994",-
08/10/2015,-,-
09/10/2015,"3,001192192",-
12/10/2015,-,-
13/10/2015,-,-
14/10/2015,-,-
15/10/2015,"2,996502371",-
16/10/2015,"2,996502371","0,00"
19/10/2015,-,-
20/10/2015,"2,996502371",-
21/10/2015,"2,996502371","0,00"
22/10/2015,-,-
23/10/2015,"2,996502371",-
26/10/2015,-,-
27/10/2015,"2,996502371",-
28/10/2015,-,-
29/10/2015,-,-
30/10/2015,"2,996502371",-
02/11/2015,-,-
03/11/2015,"3,028238068","1,06"
04/11/2015,"3,019340209","-0,29"
05/11/2015,"3,019340209","0,00"
06/11/2015,"3,016374256","-0,10"
09/11/2015,"3,016374256","0,00"
10/11/2015,-,-
11/11/2015,"3,016374256",-
12/11/2015,"2,965953054","-1,67"
13/11/2015,-,-
16/11/2015,"3,016374256",-
17/11/2015,"3,016374256","0,00"
18/11/2015,"3,016374256","0,00"
19/11/2015,"3,016374256","0,00"
20/11/2015,-,-
23/11/2015,"3,016374256","0,00"
24/11/2015,"3,016374256","0,00"
25/11/2015,-,-
26/11/2015,"3,019340209",-
27/11/2015,-,-
30/11/2015,"3,063829505",-
01/12/2015,"3,054827068","-0,29"
02/12/2015,"3,054827068","0,00"
03/12/2015,-,-
04/12/2015,"3,054827068",-
07/12/2015,"3,066830318","0,39"
08/12/2015,-,-
09/12/2015,-,-
10/12/2015,"3,071331536",-
11/12/2015,-,-
14/12/2015,"3,074332349",-
15/12/2015,"3,00711415","-2,19"
16/12/2015,"3,027819756","0,69"
17/12/2015,"2,850771822","-5,85"
18/12/2015,"3,023018456","6,04"
21/12/2015,-,-
22/12/2015,-,-
23/12/2015,-,-
24/12/2015,-,-
25/12/2015,-,-
28/12/2015,"3,030820568",-
29/12/2015,"3,030820568","0,00"
30/12/2015,"3,04582463","0,50"
31/12/2015,-,-
01/01/2016,-,-
04/01/2016,-,-
05/01/2016,"2,885789777",-
06/01/2016,-,-
07/01/2016,-,-
08/01/2016,-,-
11/01/2016,"3,064044917",-
12/01/2016,-,-
13/01/2016,-,-
14/01/2016,-,-
15/01/2016,"3,064044917",-
18/01/2016,"3,064044917","0,00"
19/01/2016,"3,064044917","0,00"
20/01/2016,-,-
21/01/2016,"3,064044917",-
22/01/2016,"2,915245908","-4,86"
25/01/2016,-,-
26/01/2016,"3,036714487","4,17"
27/01/2016,"3,063741246","0,89"
28/01/2016,-,-
29/01/2016,"3,064044917",-
01/02/2016,"3,067143042","0,10"
02/02/2016,-,-
03/02/2016,"3,067143042",-
04/02/2016,"3,067143042","0,00"
05/02/2016,"3,067143042","0,00"
08/02/2016,-,-
09/02/2016,-,-
10/02/2016,"3,067143042","0,00"
11/02/2016,"3,06559398","-0,05"
12/02/2016,"3,064044917","-0,05"
15/02/2016,"3,064044917","0,00"
16/02/2016,"3,064044917","0,00"
17/02/2016,"3,064044917","0,00"
18/02/2016,-,-
19/02/2016,"3,098124284",-
22/02/2016,"3,064044917","-1,10"
23/02/2016,-,-
24/02/2016,"3,098124284",-
25/02/2016,-,-
26/02/2016,"3,067143042",-
29/02/2016,"3,098124284","1,01"
01/03/2016,-,-
02/03/2016,"3,138930379",-
03/03/2016,"3,131083053","-0,25"
04/03/2016,"3,131083053","0,00"
07/03/2016,"3,131083053","0,00"
08/03/2016,"3,131083053","0,00"
09/03/2016,"3,13076916","-0,01"
10/03/2016,"3,113818936","-0,54"
11/03/2016,-,-
14/03/2016,"3,107541076",-
15/03/2016,"3,104402145","-0,10"
16/03/2016,"3,113818936","0,30"
17/03/2016,"3,113818936","0,00"
18/03/2016,"3,201708987","2,82"
21/03/2016,"3,170319683","-0,98"
22/03/2016,"3,170319683","0,00"
23/03/2016,"3,132652519","-1,19"
24/03/2016,"3,132652519","0,00"
25/03/2016,-,-
28/03/2016,"3,201395094","2,19"
29/03/2016,"3,201708987","0,01"
30/03/2016,"3,201708987","0,00"
31/03/2016,"3,201708987","0,00"
01/04/2016,-,-
04/04/2016,"3,144535612",-
05/04/2016,"3,128654119","-0,51"
06/04/2016,"3,112772626","-0,51"
07/04/2016,"3,176298598","2,04"
08/04/2016,"3,223943077","1,50"
11/04/2016,"3,223943077","0,00"
12/04/2016,"3,175028079","-1,52"
13/04/2016,"3,144535612","-0,96"
14/04/2016,"3,175980968","1,00"
15/04/2016,"3,208061584","1,01"
18/04/2016,"3,112772626","-2,97"
19/04/2016,-,-
20/04/2016,"3,23982457",-
21/04/2016,-,-
22/04/2016,"3,176298598","-1,96"
25/04/2016,"3,236648272","1,90"
26/04/2016,"3,236648272","0,00"
27/04/2016,"3,147711911","-2,75"
28/04/2016,"3,192180091","1,41"
29/04/2016,"3,223943077","1,00"
02/05/2016,"3,265770682","1,30"
03/05/2016,"3,256118158","-0,30"
04/05/2016,"3,256118158","0,00"
05/05/2016,"3,217508061","-1,19"
06/05/2016,-,-
09/05/2016,"3,217508061",-
10/05/2016,"3,217508061","0,00"
11/05/2016,"3,249683142","1,00"
12/05/2016,"3,223943077","-0,79"
13/05/2016,"3,217508061","-0,20"
16/05/2016,"3,217508061","0,00"
17/05/2016,"3,256118158","1,20"
18/05/2016,"3,153479651","-3,15"
19/05/2016,"3,201420521","1,52"
20/05/2016,"3,249683142","1,51"
23/05/2016,"3,217508061","-0,99"
24/05/2016,"3,217508061","0,00"
25/05/2016,"3,188872239","-0,89"
26/05/2016,-,-
27/05/2016,"3,217508061","0,90"
30/05/2016,"3,217508061","0,00"
31/05/2016,"3,217508061","0,00"
01/06/2016,"3,230887151","0,42"
02/06/2016,"3,276245531","1,40"
03/06/2016,"3,26319276","-0,40"
06/06/2016,"3,26319276","0,00"
07/06/2016,"3,26319276","0,00"
08/06/2016,"3,26319276","0,00"
09/06/2016,"3,256666374","-0,20"
10/06/2016,"3,262540121","0,18"
13/06/2016,"3,279508724","0,52"
14/06/2016,"3,272982338","-0,20"
15/06/2016,"3,263519079","-0,29"
16/06/2016,"3,279508724","0,49"
17/06/2016,"3,328456615","1,49"
20/06/2016,"3,270698103","-1,74"
21/06/2016,"3,393394151","3,75"
22/06/2016,"3,377404506","-0,47"
23/06/2016,"3,39372047","0,48"
24/06/2016,"3,426352398","0,96"
27/06/2016,"3,315403844","-3,24"
28/06/2016,"3,344772579","0,89"
29/06/2016,"3,377404506","0,98"
30/06/2016,"3,344772579","-0,97"
01/07/2016,"3,338162356","-0,20"
04/07/2016,"3,371213469","0,99"
05/07/2016,"3,371213469","0,00"
06/07/2016,"3,325272422","-1,36"
07/07/2016,"3,305111244","-0,61"
08/07/2016,"3,338162356","1,00"
11/07/2016,"3,401289981","1,89"
12/07/2016,"3,305111244","-2,83"
13/07/2016,"3,292882332","-0,37"
14/07/2016,"3,354687912","1,88"
15/07/2016,"3,338162356","-0,49"
18/07/2016,"3,354357401","0,49"
19/07/2016,"3,305441755","-1,46"
20/07/2016,"3,305111244","-0,01"
21/07/2016,"3,305111244","0,00"
22/07/2016,"3,305111244","0,00"
25/07/2016,"3,370552446","1,98"
26/07/2016,"3,308746866","-1,83"
27/07/2016,"3,354357401","1,38"
28/07/2016,"3,360967624","0,20"
29/07/2016,"3,370221935","0,28"
01/08/2016,"3,364530689","-0,17"
02/08/2016,"3,390978244","0,79"
03/08/2016,"3,381269648","-0,29"
04/08/2016,"3,397004269","0,47"
05/08/2016,"3,397339048","0,01"
08/08/2016,"3,415082344","0,52"
09/08/2016,"3,42479094","0,28"
10/08/2016,"3,447555924","0,66"
11/08/2016,"3,431486524","-0,47"
12/08/2016,"3,570419881","4,05"
15/08/2016,"3,511833525","-1,64"
16/08/2016,"3,548659235","1,05"
17/08/2016,"3,482038179","-1,88"
18/08/2016,"3,448895041","-0,95"
19/08/2016,"3,415751903","-0,96"
22/08/2016,"3,4817034","1,93"
23/08/2016,"3,504133605","0,64"
24/08/2016,"3,514846538","0,31"
25/08/2016,"3,434834316","-2,28"
26/08/2016,"3,448225483","0,39"
29/08/2016,"3,448225483","0,00"
30/08/2016,"3,435838653","-0,36"
31/08/2016,"3,498442359","1,82"
01/09/2016,"3,589293381","2,60"
02/09/2016,"3,542850881","-1,29"
05/09/2016,"3,525562067","-0,49"
06/09/2016,"3,478102577","-1,35"
07/09/2016,-,-
08/09/2016,"3,593361337","3,31"
09/09/2016,"3,610311155","0,47"
12/09/2016,"3,610311155","0,00"
13/09/2016,"3,634353442","0,67"
14/09/2016,"3,641356049","0,19"
15/09/2016,"3,640655789","-0,02"
16/09/2016,"3,641005919","0,01"
19/09/2016,"3,602841707","-1,05"
20/09/2016,"3,60634301","0,10"
21/09/2016,"3,571329972","-0,97"
22/09/2016,"3,602491576","0,87"
23/09/2016,"3,602491576","0,00"
26/09/2016,"3,672867784","1,95"
27/09/2016,"3,658862569","-0,38"
28/09/2016,"3,676369088","0,48"
29/09/2016,"3,693875608","0,48"
30/09/2016,"3,711031997","0,46"
03/10/2016,"3,738668095","0,74"
04/10/2016,"3,736187933","-0,07"
05/10/2016,"3,755674925","0,52"
06/10/2016,"3,730873298","-0,66"
07/10/2016,"3,727330209","-0,09"
10/10/2016,"3,727330209","0,00"
11/10/2016,"3,719889721","-0,20"
12/10/2016,-,-
13/10/2016,"3,650090857","-1,88"
14/10/2016,"3,615722888","-0,94"
17/10/2016,"3,684813134","1,91"
18/10/2016,"3,71670094","0,87"
19/10/2016,"3,71670094","0,00"
20/10/2016,"3,72024403","0,10"
21/10/2016,"3,759218015","1,05"
24/10/2016,"3,702528582","-1,51"
25/10/2016,"3,883226149","4,88"
26/10/2016,"3,799963545","-2,14"
27/10/2016,"3,968260298","4,43"
28/10/2016,"3,932829403","-0,89"
31/10/2016,"3,85240127","-2,05"
01/11/2016,"3,783863368","-1,78"
02/11/2016,-,-
03/11/2016,-,-
04/11/2016,-,-
07/11/2016,"3,712469719",-
08/11/2016,"3,730318131","0,48"
09/11/2016,"3,712469719","-0,48"
10/11/2016,"3,676772895","-0,96"
11/11/2016,"3,589315676","-2,38"
14/11/2016,"3,6553548","1,84"
15/11/2016,-,-
16/11/2016,"3,641076071","-0,39"
17/11/2016,"3,627154309","-0,38"
18/11/2016,"3,623227659","-0,11"
21/11/2016,"3,605379246","-0,49"
22/11/2016,"3,650000277","1,24"
23/11/2016,"3,658924483","0,24"
24/11/2016,"3,650000277","-0,24"
25/11/2016,"3,658210546","0,22"
28/11/2016,"3,598239882","-1,64"
29/11/2016,"3,573252105","-0,69"
30/11/2016,"3,58431812","0,31"
01/12/2016,"3,674007117","2,50"
02/12/2016,"3,648793343","-0,69"
05/12/2016,"3,619257207","-0,81"
06/12/2016,"3,619977601","0,02"
07/12/2016,"3,63798744","0,50"
08/12/2016,"3,601967762","-0,99"
09/12/2016,"3,601967762","0,00"
12/12/2016,"3,589360875","-0,35"
13/12/2016,"3,601967762","0,35"
14/12/2016,"3,619977601","0,50"
15/12/2016,"3,619977601","0,00"
16/12/2016,"3,619977601","0,00"
19/12/2016,"3,674007117","1,49"
20/12/2016,"3,601967762","-1,96"
21/12/2016,"3,619617404","0,49"
22/12/2016,"3,619977601","0,01"
23/12/2016,"3,619977601","0,00"
26/12/2016,"3,619977601","0,00"
27/12/2016,"3,620337798","0,01"
28/12/2016,"3,619977601","-0,01"
29/12/2016,"3,565948085","-1,49"
30/12/2016,-,-
02/01/2017,"3,633161574","1,88"
03/01/2017,"3,560861658","-1,99"
04/01/2017,-,-
05/01/2017,"3,579390782",-
06/01/2017,"3,651327382","2,01"
09/01/2017,"3,600463119","-1,39"
10/01/2017,"3,632798258","0,90"
11/01/2017,"3,614995766","-0,49"
12/01/2017,"3,609546023","-0,15"
13/01/2017,"3,665496712","1,55"
16/01/2017,"3,651327382","-0,39"
17/01/2017,"3,632798258","-0,51"
18/01/2017,"3,633161574","0,01"
19/01/2017,"3,633161574","0,00"
20/01/2017,"3,633161574","0,00"
23/01/2017,"3,632798258","-0,01"
24/01/2017,"3,632798258","0,00"
25/01/2017,-,-
26/01/2017,"3,632071625","-0,02"
27/01/2017,"3,633161574","0,03"
30/01/2017,"3,633161574","0,00"
31/01/2017,"3,633161574","0,00"
01/02/2017,"3,779955981","4,04"
02/02/2017,"3,669860175","-2,91"
03/02/2017,"3,669860175","0,00"
06/02/2017,"3,669860175","0,00"
07/02/2017,"3,669860175","0,00"
08/02/2017,"3,669860175","0,00"
09/02/2017,"3,655914707","-0,38"
10/02/2017,"3,669493189","0,37"
13/02/2017,"3,669493189","0,00"
14/02/2017,"3,669860175","0,01"
15/02/2017,"3,669860175","0,00"
16/02/2017,"3,669860175","0,00"
17/02/2017,"3,669860175","0,00"
20/02/2017,"3,669860175","0,00"
21/02/2017,"3,669860175","0,00"
22/02/2017,"3,669860175","0,00"
23/02/2017,"3,669860175","0,00"
24/02/2017,"3,706558777","1,00"
27/02/2017,-,-
28/02/2017,-,-
01/03/2017,"3,725100842","0,50"
02/03/2017,"3,725100842","0,00"
03/03/2017,"3,708412984","-0,45"
06/03/2017,"3,708412984","0,00"
07/03/2017,"3,708412984","0,00"
08/03/2017,"3,708412984","0,00"
09/03/2017,"3,708412984","0,00"
10/03/2017,"3,708412984","0,00"
13/03/2017,"3,70730046","-0,03"
14/03/2017,"3,708412984","0,03"
15/03/2017,"3,720650747","0,33"
16/03/2017,"3,706187936","-0,39"
17/03/2017,"3,708412984","0,06"
20/03/2017,"3,708412984","0,00"
21/03/2017,"3,704704571","-0,10"
22/03/2017,"3,708412984","0,10"
23/03/2017,"3,704704571","-0,10"
24/03/2017,"3,69024176","-0,39"
27/03/2017,"3,708412984","0,49"
28/03/2017,"3,708412984","0,00"
29/03/2017,"3,717684016","0,25"
30/03/2017,"3,708412984","-0,25"
31/03/2017,"3,708412984","0,00"
03/04/2017,"3,749659235","1,11"
04/04/2017,"3,749659235","0,00"
05/04/2017,"3,749659235","0,00"
06/04/2017,"3,756033656","0,17"
07/04/2017,"3,749659235","-0,17"
10/04/2017,"3,749659235","0,00"
11/04/2017,"3,749659235","0,00"
12/04/2017,"3,749659235","0,00"
13/04/2017,"3,736535428","-0,35"
14/04/2017,-,-
17/04/2017,"3,749284269","0,34"
18/04/2017,"3,749659235","0,01"
19/04/2017,"3,749659235","0,00"
20/04/2017,"3,749659235","0,00"
21/04/2017,-,-
24/04/2017,"3,749284269","-0,01"
25/04/2017,"3,742159917","-0,19"
26/04/2017,"3,749659235","0,20"
27/04/2017,"3,742159917","-0,20"
28/04/2017,"3,749659235","0,20"
01/05/2017,-,-
02/05/2017,"3,772384443","0,61"
03/05/2017,"3,779959512","0,20"
04/05/2017,"3,772384443","-0,20"
05/05/2017,"3,78526206","0,34"
08/05/2017,"3,768596908","-0,44"
09/05/2017,"3,783747046","0,40"
10/05/2017,"3,779959512","-0,10"
11/05/2017,"3,768975662","-0,29"
12/05/2017,"3,768596908","-0,01"
15/05/2017,"3,786398321","0,47"
16/05/2017,"3,786777074","0,01"
17/05/2017,"3,785640814","-0,03"
18/05/2017,"3,730721562","-1,45"
19/05/2017,"3,712162643","-0,50"
22/05/2017,"3,730721562","0,50"
23/05/2017,"3,730721562","0,00"
24/05/2017,"3,768218155","1,01"
25/05/2017,"3,786777074","0,49"
26/05/2017,"3,787534581","0,02"
29/05/2017,"3,766703141","-0,55"
30/05/2017,"3,779580758","0,34"
31/05/2017,"3,768218155","-0,30"
01/06/2017,"3,772413964","0,11"
02/06/2017,"3,734270243","-1,01"
05/06/2017,"3,738084615","0,10"
06/06/2017,"3,776228336","1,02"
07/06/2017,"3,738084615","-1,01"
08/06/2017,"3,722827127","-0,41"
09/06/2017,"3,782331331","1,60"
12/06/2017,"3,770506778","-0,31"
13/06/2017,"3,747620546","-0,61"
14/06/2017,"3,753342104","0,15"
15/06/2017,-,-
16/06/2017,"3,738084615","-0,41"
19/06/2017,"3,738084615","0,00"
20/06/2017,"3,738084615","0,00"
21/06/2017,"3,732363057","-0,15"
22/06/2017,"3,738084615","0,15"
23/06/2017,"3,757156476","0,51"
26/06/2017,"3,738084615","-0,51"
27/06/2017,"3,724734313","-0,36"
28/06/2017,"3,717105569","-0,20"
29/06/2017,"3,698033709","-0,51"
30/06/2017,"3,667518732","-0,83"
03/07/2017,"3,750215799","2,25"
04/07/2017,"3,737907398","-0,33"
05/07/2017,"3,765601299","0,74"
06/07/2017,"3,692520171","-1,94"
07/07/2017,"3,698289734","0,16"
10/07/2017,"3,730599285","0,87"
11/07/2017,"3,729060735","-0,04"
12/07/2017,"3,750215799","0,57"
13/07/2017,"3,765601299","0,41"
14/07/2017,"3,778294338","0,34"
17/07/2017,"3,763678112","-0,39"
18/07/2017,"3,776755787","0,35"
19/07/2017,"3,750985074","-0,68"
20/07/2017,"3,769447675","0,49"
21/07/2017,"3,766370574","-0,08"
24/07/2017,"3,7686784","0,06"
25/07/2017,"3,776755787","0,21"
26/07/2017,"3,779832888","0,08"
27/07/2017,"3,788679551","0,23"
28/07/2017,"3,788679551","0,00"
31/07/2017,"3,788294913","-0,01"
01/08/2017,"3,803038379","0,39"
02/08/2017,"3,821661706","0,49"
03/08/2017,"3,821661706","0,00"
04/08/2017,"3,802262408","-0,51"
07/08/2017,"3,821661706","0,51"
08/08/2017,"3,821661706","0,00"
09/08/2017,"3,821661706","0,00"
10/08/2017,"3,821661706","0,00"
11/08/2017,"3,821661706","0,00"
14/08/2017,"3,817781846","-0,10"
15/08/2017,"3,813514","-0,11"
16/08/2017,"3,821661706","0,21"
17/08/2017,"3,821661706","0,00"
18/08/2017,"3,876755712","1,44"
21/08/2017,"3,87597974","-0,02"
22/08/2017,"3,876755712","0,02"
23/08/2017,"3,870159951","-0,17"
24/08/2017,"3,841061004","-0,75"
25/08/2017,"3,870935922","0,78"
28/08/2017,"3,860460302","-0,27"
29/08/2017,"3,87209988","0,30"
30/08/2017,"3,871711894","-0,01"
31/08/2017,"3,861236273","-0,27"
01/09/2017,"3,861236273","0,00"
04/09/2017,"3,886639144","0,66"
05/09/2017,"3,841695604","-1,16"
06/09/2017,"3,876868809","0,92"
07/09/2017,-,-
08/09/2017,"3,888593211","0,30"
11/09/2017,"3,894455411","0,15"
12/09/2017,"3,899535985","0,13"
13/09/2017,"3,899535985","0,00"
14/09/2017,"3,896409478","-0,08"
15/09/2017,"3,888593211","-0,20"
18/09/2017,"3,896409478","0,20"
19/09/2017,"3,888593211","-0,20"
20/09/2017,"3,896409478","0,20"
21/09/2017,"3,899535985","0,08"
22/09/2017,"3,888593211","-0,28"
25/09/2017,"3,874914742","-0,35"
26/09/2017,"3,880776943","0,15"
27/09/2017,"3,880776943","0,00"
28/09/2017,"3,872960675","-0,20"
29/09/2017,"3,869443355","-0,09"
02/10/2017,"3,916684498","1,22"
03/10/2017,"3,899362746","-0,44"
04/10/2017,"3,917078175","0,45"
05/10/2017,"3,897394365","-0,50"
06/10/2017,"3,915109794","0,45"
09/10/2017,"3,913141413","-0,05"
10/10/2017,"3,92692008","0,35"
11/10/2017,"3,897394365","-0,75"
12/10/2017,-,-
13/10/2017,"3,897394365","0,00"
16/10/2017,"3,897394365","0,00"
17/10/2017,"3,897394365","0,00"
18/10/2017,"3,897394365","0,00"
19/10/2017,"3,897394365","0,00"
20/10/2017,"3,885584079","-0,30"
23/10/2017,"3,88755246","0,05"
24/10/2017,"3,897394365","0,25"
25/10/2017,"3,897000689","-0,01"
26/10/2017,"3,897394365","0,01"
27/10/2017,"3,897000689","-0,01"
30/10/2017,"3,897000689","0,00"
31/10/2017,"3,897394365","0,01"
01/11/2017,"3,895410958","-0,05"
02/11/2017,-,-
03/11/2017,"3,901361178","0,15"
06/11/2017,"3,921195246","0,51"
07/11/2017,"3,897394365","-0,61"
08/11/2017,"3,914451663","0,44"
09/11/2017,"3,923178653","0,22"
10/11/2017,"3,903344585","-0,51"
13/11/2017,"3,922781972","0,50"
14/11/2017,"3,923178653","0,01"
15/11/2017,-,-
16/11/2017,"3,891840826","-0,80"
17/11/2017,"3,921988609","0,77"
20/11/2017,-,-
21/11/2017,"3,923178653","0,03"
22/11/2017,"3,922781972","-0,01"
23/11/2017,"3,923178653","0,01"
24/11/2017,"3,920798565","-0,06"
27/11/2017,"3,912468256","-0,21"
28/11/2017,"3,912864938","0,01"
29/11/2017,"3,914054982","0,03"
30/11/2017,"3,923178653","0,23"
01/12/2017,"3,961190073","0,97"
04/12/2017,"3,941184063","-0,51"
05/12/2017,"3,957989111","0,43"
06/12/2017,"3,941184063","-0,42"
07/12/2017,"3,949186467","0,20"
08/12/2017,"3,958789352","0,24"
11/12/2017,"3,941184063","-0,44"
12/12/2017,"3,961190073","0,51"
13/12/2017,"3,960389833","-0,02"
14/12/2017,"3,949186467","-0,28"
15/12/2017,"3,949186467","0,00"
18/12/2017,"3,945985505","-0,08"
19/12/2017,"3,959589592","0,34"
20/12/2017,"3,959589592","0,00"
21/12/2017,"3,961190073","0,04"
22/12/2017,"3,960789953","-0,01"
25/12/2017,-,-
26/12/2017,"3,949186467","-0,29"
27/12/2017,"3,949186467","0,00"
28/12/2017,"3,960389833","0,28"
29/12/2017,-,-
01/01/2018,-,-
02/01/2018,"3,976108864","0,40"
03/01/2018,"3,972481395","-0,09"
04/01/2018,"3,982154645","0,24"
05/01/2018,"3,974093604","-0,20"
08/01/2018,"3,974093604","0,00"
09/01/2018,"3,974093604","0,00"
10/01/2018,"3,970063083","-0,10"
11/01/2018,"3,974093604","0,10"
12/01/2018,"3,970063083","-0,10"
15/01/2018,"3,974093604","0,10"
16/01/2018,"3,970063083","-0,10"
17/01/2018,"3,974093604","0,10"
18/01/2018,"3,969660031","-0,11"
19/01/2018,"3,968047822","-0,04"
22/01/2018,"3,968047822","0,00"
23/01/2018,"3,974093604","0,15"
24/01/2018,"3,974093604","0,00"
25/01/2018,-,-
26/01/2018,"3,986185166","0,30"
29/01/2018,"3,974093604","-0,30"
30/01/2018,"3,972078343","-0,05"
31/01/2018,"3,974093604","0,05"
01/02/2018,"4,009417076","0,89"
02/02/2018,"3,999266653","-0,25"
05/02/2018,"4,007386991","0,20"
06/02/2018,"3,999266653","-0,20"
07/02/2018,"3,998048602","-0,03"
08/02/2018,"3,999266653","0,03"
09/02/2018,"4,010229109","0,27"
12/02/2018,-,-
13/02/2018,-,-
14/02/2018,"4,001296737","-0,22"
15/02/2018,"3,996424534","-0,12"
16/02/2018,"4,008199025","0,29"
19/02/2018,"3,999266653","-0,22"
20/02/2018,"3,998048602","-0,03"
21/02/2018,"3,999266653","0,03"
22/02/2018,"4,010229109","0,27"
23/02/2018,"4,003326822","-0,17"
26/02/2018,"4,003326822","0,00"
27/02/2018,"4,007386991","0,10"
28/02/2018,"4,011041143","0,09"
01/03/2018,"4,021264003","0,25"
02/03/2018,"4,025762061","0,11"
05/03/2018,"4,02657989","0,02"
06/03/2018,"4,030260119","0,09"
07/03/2018,"4,030669033","0,01"
08/03/2018,"4,029851205","-0,02"
09/03/2018,"4,02657989","-0,08"
12/03/2018,"4,027806633","0,03"
13/03/2018,"4,027806633","0,00"
14/03/2018,"4,027806633","0,00"
15/03/2018,"4,031895777","0,10"
16/03/2018,"4,031895777","0,00"
19/03/2018,"4,031077948","-0,02"
20/03/2018,"4,031895777","0,02"
21/03/2018,"4,031486862","-0,01"
22/03/2018,"4,034758177","0,08"
23/03/2018,"4,029851205","-0,12"
26/03/2018,"4,031486862","0,04"
27/03/2018,"4,027806633","-0,09"
28/03/2018,"4,027806633","0,00"
29/03/2018,"4,027806633","0,00"
30/03/2018,-,-
02/04/2018,"4,057474365","0,74"
03/04/2018,"4,061182831","0,09"
04/04/2018,"4,05871052","-0,06"
05/04/2018,"4,05871052","0,00"
06/04/2018,"4,05871052","0,00"
09/04/2018,"4,059946676","0,03"
10/04/2018,"4,056650261","-0,08"
11/04/2018,"4,054590002","-0,05"
12/04/2018,"4,054590002","0,00"
13/04/2018,"4,05871052","0,10"
16/04/2018,"4,05871052","0,00"
17/04/2018,"4,05871052","0,00"
18/04/2018,"4,05417795","-0,11"
19/04/2018,"4,05871052","0,11"
20/04/2018,"4,046348965","-0,30"
23/04/2018,"4,054590002","0,20"
24/04/2018,"4,058298468","0,09"
25/04/2018,"4,062831038","0,11"
26/04/2018,"4,060770779","-0,05"
27/04/2018,"4,062831038","0,05"
30/04/2018,"4,099503651","0,90"
01/05/2018,-,-
02/05/2018,"4,122765603","0,57"
03/05/2018,"4,127334915","0,11"
04/05/2018,"4,135227363","0,19"
07/05/2018,"4,135227363","0,00"
08/05/2018,"4,137304323","0,05"
09/05/2018,"4,134396579","-0,07"
10/05/2018,"4,135227363","0,02"
11/05/2018,"4,139381283","0,10"
14/05/2018,"4,133150403","-0,15"
15/05/2018,"4,135227363","0,05"
16/05/2018,"4,133565795","-0,04"
17/05/2018,"4,128996483","-0,11"
18/05/2018,"4,149766083","0,50"
21/05/2018,"4,153504611","0,09"
22/05/2018,"4,137304323","-0,39"
23/05/2018,"4,140627459","0,08"
24/05/2018,"4,135227363","-0,13"
25/05/2018,"4,139796675","0,11"
28/05/2018,"4,125673347","-0,34"
29/05/2018,"4,140627459","0,36"
30/05/2018,"4,135227363","-0,13"
31/05/2018,-,-
01/06/2018,"4,141502367","0,15"
04/06/2018,"4,15823571","0,40"
05/06/2018,"4,145685702","-0,30"
06/06/2018,"4,14777737","0,05"
07/06/2018,"4,100087343","-1,15"
08/06/2018,"4,058253986","-1,02"
11/06/2018,"4,079170664","0,52"
12/06/2018,"4,062018988","-0,42"
13/06/2018,"4,047377313","-0,36"
14/06/2018,"4,091720672","1,10"
15/06/2018,"4,091302338","-0,01"
18/06/2018,"4,082935667","-0,20"
19/06/2018,"4,141502367","1,43"
20/06/2018,"4,11849402","-0,56"
21/06/2018,"4,122677356","0,10"
22/06/2018,"4,12309569","0,01"
25/06/2018,"4,141502367","0,45"
26/06/2018,"4,113474017","-0,68"
27/06/2018,"4,149869038","0,88"
28/06/2018,"4,141502367","-0,20"
29/06/2018,"4,167857382","0,64"
02/07/2018,"4,199908091","0,77"
03/07/2018,"4,17291802","-0,64"
04/07/2018,"4,191895414","0,45"
05/07/2018,"4,162375024","-0,70"
06/07/2018,"4,191895414","0,71"
09/07/2018,-,-
10/07/2018,"4,175026619","-0,40"
11/07/2018,"4,170387701","-0,11"
12/07/2018,"4,175870059","0,13"
13/07/2018,"4,177135219","0,03"
16/07/2018,"4,181352417","0,10"
17/07/2018,"4,194004013","0,30"
18/07/2018,"4,185569616","-0,20"
19/07/2018,"4,179243818","-0,15"
20/07/2018,"4,177135219","-0,05"
23/07/2018,"4,1724963","-0,11"
24/07/2018,"4,193582293","0,51"
25/07/2018,"4,199486371","0,14"
26/07/2018,"4,175026619","-0,58"
27/07/2018,"4,183461017","0,20"
30/07/2018,"4,175026619","-0,20"
31/07/2018,"4,17291802","-0,05"
01/08/2018,"4,211201672","0,92"
02/08/2018,"4,211201672","0,00"
03/08/2018,"4,196313585","-0,35"
06/08/2018,"4,198440455","0,05"
07/08/2018,"4,211201672","0,30"
08/08/2018,"4,206097185","-0,12"
09/08/2018,"4,211201672","0,12"
10/08/2018,"4,208224054","-0,07"
13/08/2018,"4,209074802","0,02"
14/08/2018,"4,206947933","-0,05"
15/08/2018,"4,211201672","0,10"
16/08/2018,"4,220134524","0,21"
17/08/2018,"4,223962889","0,09"
20/08/2018,"4,226089758","0,05"
21/08/2018,"4,21758228","-0,20"
22/08/2018,"4,240977845","0,55"
23/08/2018,"4,220559898","-0,48"
24/08/2018,"4,240552471","0,47"
27/08/2018,"4,240552471","0,00"
28/08/2018,"4,248209202","0,18"
29/08/2018,"4,23502261","-0,31"
30/08/2018,"4,237574854","0,06"
31/08/2018,"4,253739062","0,38"
03/09/2018,"4,267031997","0,31"
04/09/2018,"4,275179279","0,19"
05/09/2018,"4,24559178","-0,69"
06/09/2018,"4,266603193","0,49"
07/09/2018,-,-
10/09/2018,"4,257598301","-0,21"
11/09/2018,"4,265745584","0,19"
12/09/2018,"4,264887975","-0,02"
13/09/2018,"4,264887975","0,00"
14/09/2018,"4,279038518","0,33"
17/09/2018,"4,281611344","0,06"
18/09/2018,"4,254167867","-0,64"
19/09/2018,"4,277323301","0,54"
20/09/2018,"4,266603193","-0,25"
21/09/2018,"4,266603193","0,00"
24/09/2018,"4,262315149","-0,10"
25/09/2018,"4,242161345","-0,47"
26/09/2018,"4,270462432","0,67"
27/09/2018,"4,266603193","-0,09"
28/09/2018,"4,284184171","0,41"
01/10/2018,"4,27899803","-0,12"
02/10/2018,"4,299742592","0,48"
03/10/2018,"4,287209419","-0,29"
04/10/2018,"4,30017477","0,30"
05/10/2018,"4,298013878","-0,05"
08/10/2018,"4,302335662","0,10"
09/10/2018,"4,287641597","-0,34"
10/10/2018,"4,295852986","0,19"
11/10/2018,"4,305793089","0,23"
12/10/2018,-,-
15/10/2018,"4,31616537","0,24"
16/10/2018,"4,280726744","-0,82"
17/10/2018,"4,320487154","0,93"
18/10/2018,"4,322215867","0,04"
19/10/2018,"4,333884683","0,27"
22/10/2018,"4,35592578","0,51"
23/10/2018,"4,36370499","0,18"
24/10/2018,"4,387042622","0,53"
25/10/2018,"4,44063274","1,22"
26/10/2018,"4,451437199","0,24"
29/10/2018,"4,408219362","-0,97"
30/10/2018,"4,455326805","1,07"
31/10/2018,"4,455326805","0,00"
01/11/2018,"4,481895867","0,60"
02/11/2018,-,-
05/11/2018,"4,480153633","-0,04"
06/11/2018,"4,442695611","-0,84"
07/11/2018,"4,453149013","0,24"
08/11/2018,"4,473184699","0,45"
09/11/2018,"4,442695611","-0,68"
12/11/2018,"4,455762363","0,29"
13/11/2018,"4,423095484","-0,73"
14/11/2018,"4,455762363","0,74"
15/11/2018,-,-
16/11/2018,"4,425273275","-0,68"
19/11/2018,"4,435291119","0,23"
20/11/2018,-,-
21/11/2018,"4,446615637","0,26"
22/11/2018,"4,453584571","0,16"
23/11/2018,"4,442695611","-0,24"
26/11/2018,"4,442695611","0,00"
27/11/2018,"4,434420002","-0,19"
28/11/2018,"4,425273275","-0,21"
29/11/2018,"4,451406779","0,59"
30/11/2018,"4,438775586","-0,28"
03/12/2018,"4,437019567","-0,04"
04/12/2018,"4,451067715","0,32"
05/12/2018,"4,433946535","-0,38"
06/12/2018,"4,433946535","0,00"
07/12/2018,"4,433946535","0,00"
10/12/2018,"4,455457761","0,49"
11/12/2018,"4,455457761","0,00"
12/12/2018,"4,455457761","0,00"
13/12/2018,"4,455896765","0,01"
14/12/2018,"4,455896765","0,00"
17/12/2018,"4,451945724","-0,09"
18/12/2018,"4,455896765","0,09"
19/12/2018,"4,444043641","-0,27"
20/12/2018,"4,455896765","0,27"
21/12/2018,"4,455896765","0,00"
24/12/2018,-,-
25/12/2018,-,-
26/12/2018,"4,45633577","0,01"
27/12/2018,"4,455896765","-0,01"
28/12/2018,"4,486627088","0,69"
31/12/2018,-,-
01/01/2019,-,-
02/01/2019,"4,55100719","1,43"
03/01/2019,"4,528807155","-0,49"
04/01/2019,"4,51992714","-0,20"
07/01/2019,"4,528807155","0,20"
08/01/2019,"4,528807155","0,00"
09/01/2019,"4,528807155","0,00"
10/01/2019,"4,546123182","0,38"
11/01/2019,"4,55100719","0,11"
14/01/2019,"4,533247162","-0,39"
15/01/2019,"4,55100719","0,39"
16/01/2019,"4,539907172","-0,24"
17/01/2019,"4,55100719","0,24"
18/01/2019,"4,542127176","-0,20"
21/01/2019,"4,55100719","0,20"
22/01/2019,"4,564327211","0,29"
23/01/2019,"4,5576672","-0,15"
24/01/2019,"4,562107207","0,10"
25/01/2019,-,-
28/01/2019,"4,559887204","-0,05"
29/01/2019,"4,555447197","-0,10"
30/01/2019,"4,566547214","0,24"
31/01/2019,"4,562551208","-0,09"
01/02/2019,"4,562104381","-0,01"
04/02/2019,"4,575509193","0,29"
05/02/2019,"4,577743328","0,05"
06/02/2019,"4,55763611","-0,44"
07/02/2019,"4,55763611","0,00"
08/02/2019,"4,55763611","0,00"
11/02/2019,"4,553167839","-0,10"
12/02/2019,"4,55763611","0,10"
13/02/2019,"4,55763611","0,00"
14/02/2019,"4,541997163","-0,34"
15/02/2019,"4,537528892","-0,10"
18/02/2019,"4,525911388","-0,26"
19/02/2019,"4,537082065","0,25"
20/02/2019,"4,512953403","-0,53"
21/02/2019,"4,512953403","0,00"
22/02/2019,"4,554955148","0,93"
25/02/2019,"4,509378787","-1,00"
26/02/2019,"4,496420802","-0,29"
27/02/2019,"4,504016862","0,17"
28/02/2019,"4,517421674","0,30"
01/03/2019,"4,526416042","0,20"
04/03/2019,-,-
05/03/2019,-,-
06/03/2019,"4,530913227","0,10"
07/03/2019,"4,541256751","0,23"
08/03/2019,"4,542156188","0,02"
11/03/2019,"4,522368577","-0,44"
12/03/2019,"4,542156188","0,44"
13/03/2019,"4,535410411","-0,15"
14/03/2019,"4,542156188","0,15"
15/03/2019,"4,539008159","-0,07"
18/03/2019,"4,542156188","0,07"
19/03/2019,"4,540357314","-0,04"
20/03/2019,"4,533161819","-0,16"
21/03/2019,"4,541706469","0,19"
22/03/2019,"4,52416745","-0,39"
25/03/2019,"4,541256751","0,38"
26/03/2019,"4,542156188","0,02"
27/03/2019,"4,542156188","0,00"
28/03/2019,"4,542156188","0,00"
29/03/2019,"4,542156188","0,00"
01/04/2019,"4,533103559","-0,20"
02/04/2019,"4,535819348","0,06"
03/04/2019,"4,544419345","0,19"
04/04/2019,"4,539893031","-0,10"
05/04/2019,"4,548945659","0,20"
08/04/2019,"4,553471973","0,10"
09/04/2019,"4,539893031","-0,30"
10/04/2019,"4,528577245","-0,25"
11/04/2019,"4,526314088","-0,05"
12/04/2019,"4,528577245","0,05"
15/04/2019,"4,526314088","-0,05"
16/04/2019,"4,526314088","0,00"
17/04/2019,"4,526314088","0,00"
18/04/2019,"4,539440399","0,29"
19/04/2019,-,-
22/04/2019,"4,533103559","-0,14"
23/04/2019,"4,548945659","0,35"
24/04/2019,"4,525861457","-0,51"
25/04/2019,"4,539893031","0,31"
26/04/2019,"4,526314088","-0,30"
29/04/2019,"4,553471973","0,60"
30/04/2019,"4,548945659","-0,10"
01/05/2019,-,-
02/05/2019,"4,558970381","0,22"
03/05/2019,"4,557147704","-0,04"
06/05/2019,"4,556692035","-0,01"
07/05/2019,"4,563982743","0,16"
08/05/2019,"4,568083765","0,09"
09/05/2019,"4,556692035","-0,25"
10/05/2019,"4,565805419","0,20"
13/05/2019,"4,556236366","-0,21"
14/05/2019,"4,551679674","-0,10"
15/05/2019,"4,552135343","0,01"
16/05/2019,"4,552135343","0,00"
17/05/2019,"4,556692035","0,10"
20/05/2019,"4,551679674","-0,11"
21/05/2019,"4,529351883","-0,49"
22/05/2019,"4,512492123","-0,37"
23/05/2019,"4,533908575","0,47"
24/05/2019,"4,533908575","0,00"
27/05/2019,"4,524795191","-0,20"
28/05/2019,"4,518871491","-0,13"
29/05/2019,"4,519327161","0,01"
30/05/2019,"4,51978283","0,01"
31/05/2019,"4,539376606","0,43"
03/06/2019,"4,583911806","0,98"
04/06/2019,"4,605031592","0,46"
05/06/2019,"4,555905134","-1,07"
06/06/2019,"4,601358586","1,00"
07/06/2019,"4,599981209","-0,03"
10/06/2019,"4,591257819","-0,19"
11/06/2019,"4,614214108","0,50"
12/06/2019,"4,604572467","-0,21"
13/06/2019,"4,617427988","0,28"
14/06/2019,"4,614214108","-0,07"
17/06/2019,"4,67390046","1,29"
18/06/2019,"4,678491717","0,10"
19/06/2019,"4,683082975","0,10"
20/06/2019,-,-
21/06/2019,"4,719813038","0,78"
24/06/2019,"4,728536428","0,18"
25/06/2019,"4,742769327","0,30"
26/06/2019,"4,774908132","0,68"
27/06/2019,"4,786845402","0,25"
28/06/2019,"4,8295441","0,89"
01/07/2019,"4,88089762","1,06"
02/07/2019,"4,926236763","0,93"
03/07/2019,"4,904029836","-0,45"
04/07/2019,"4,915595944","0,24"
05/07/2019,"4,927162052","0,24"
08/07/2019,"4,947981047","0,42"
09/07/2019,-,-
10/07/2019,"4,94936898","0,03"
11/07/2019,"5,019228273","1,41"
12/07/2019,"5,019228273","0,00"
15/07/2019,"5,065492705","0,92"
16/07/2019,"5,112219782","0,92"
17/07/2019,"5,156633637","0,87"
18/07/2019,"5,083998478","-1,41"
19/07/2019,"5,084461122","0,01"
22/07/2019,"5,084461122","0,00"
23/07/2019,"5,135814642","1,01"
24/07/2019,"5,134426709","-0,03"
25/07/2019,"5,102966895","-0,61"
26/07/2019,"5,033570247","-1,36"
29/07/2019,"5,043285777","0,19"
30/07/2019,"5,135351998","1,83"
31/07/2019,"5,18161643","0,90"
01/08/2019,"5,202575778","0,40"
02/08/2019,"5,258001607","1,07"
05/08/2019,"5,216548676","-0,79"
06/08/2019,"5,188602879","-0,54"
07/08/2019,"5,21421986","0,49"
08/08/2019,"5,216548676","0,04"
09/08/2019,"5,263125003","0,89"
12/08/2019,"5,260796187","-0,04"
13/08/2019,"5,216548676","-0,84"
14/08/2019,"5,216548676","0,00"
15/08/2019,"5,216082913","-0,01"
16/08/2019,"5,235179207","0,37"
19/08/2019,"5,076819694","-3,02"
20/08/2019,"4,988606258","-1,74"
21/08/2019,"4,988606258","0,00"
22/08/2019,"4,954370725","-0,69"
23/08/2019,"4,904484663","-1,01"
26/08/2019,"4,907908216","0,07"
27/08/2019,"4,905462821","-0,05"
28/08/2019,"4,915244402","0,20"
29/08/2019,"4,917689797","0,05"
30/08/2019,"4,939698354","0,45"
02/09/2019,"4,952016804","0,25"
03/09/2019,"4,951031328","-0,02"
04/09/2019,"4,952016804","0,02"
05/09/2019,"4,988972153","0,75"
06/09/2019,"5,045637022","1,14"
09/09/2019,"5,199864013","3,06"
10/09/2019,"5,208240559","0,16"
11/09/2019,"5,22252996","0,27"
12/09/2019,"5,22252996","0,00"
13/09/2019,"5,221544484","-0,02"
16/09/2019,"5,149112","-1,39"
17/09/2019,"5,166850567","0,34"
18/09/2019,"5,197893061","0,60"
19/09/2019,"5,174241637","-0,46"
20/09/2019,"5,21760258","0,84"
23/09/2019,"5,187545563","-0,58"
24/09/2019,"5,218095318","0,59"
25/09/2019,"5,225979126","0,15"
26/09/2019,"5,245688646","0,38"
27/09/2019,"5,245688646","0,00"
30/09/2019,"5,223022698","-0,43"
01/10/2019,"5,297424731","1,42"
02/10/2019,"5,270143986","-0,51"
03/10/2019,"5,293456623","0,44"
04/10/2019,"5,262703782","-0,58"
07/10/2019,"5,270143986","0,14"
08/10/2019,"5,257743647","-0,24"
09/10/2019,"5,282544324","0,47"
10/10/2019,"5,257247633","-0,48"
11/10/2019,"5,227982834","-0,56"
14/10/2019,"5,218062563","-0,19"
15/10/2019,"5,174909384","-0,83"
16/10/2019,"5,158540937","-0,32"
17/10/2019,"5,183341614","0,48"
18/10/2019,"5,259727701","1,47"
21/10/2019,"5,306848988","0,90"
22/10/2019,"5,305360948","-0,03"
23/10/2019,"5,349506154","0,83"
24/10/2019,"5,347026086","-0,05"
25/10/2019,"5,314289192","-0,61"
28/10/2019,"5,326193517","0,22"
29/10/2019,"5,356450344","0,57"
30/10/2019,"5,305856961","-0,94"
31/10/2019,"5,289984528","-0,30"
01/11/2019,"5,342385318","0,99"
04/11/2019,"5,314937285","-0,51"
05/11/2019,"5,364343744","0,93"
06/11/2019,"5,40077477","0,68"
07/11/2019,"5,407262487","0,12"
08/11/2019,"5,389795557","-0,32"
11/11/2019,"5,404767211","0,28"
12/11/2019,"5,438203906","0,62"
13/11/2019,"5,464154773","0,48"
14/11/2019,"5,464154773","0,00"
15/11/2019,-,-
18/11/2019,"5,462657608","-0,03"
19/11/2019,"5,454672725","-0,15"
20/11/2019,-,-
21/11/2019,"5,428721858","-0,48"
22/11/2019,"5,439202016","0,19"
25/11/2019,"5,362347524","-1,41"
26/11/2019,"5,345379649","-0,32"
27/11/2019,"5,325916498","-0,36"
28/11/2019,"5,332404215","0,12"
29/11/2019,"5,364842799","0,61"
02/12/2019,"5,467771463","1,92"
03/12/2019,"5,533043299","1,19"
04/12/2019,"5,572708491","0,72"
05/12/2019,"5,622415505","0,89"
06/12/2019,"5,618398776","-0,07"
09/12/2019,"5,623419687","0,09"
10/12/2019,"5,523001478","-1,79"
11/12/2019,"5,563168762","0,73"
12/12/2019,"5,422583269","-2,53"
13/12/2019,"5,502917836","1,48"
16/12/2019,"5,419068632","-1,52"
17/12/2019,"5,523001478","1,92"
18/12/2019,"5,568189672","0,82"
19/12/2019,"5,672624609","1,88"
20/12/2019,"5,872456844","3,52"
23/12/2019,"5,808691282","-1,09"
24/12/2019,-,-
25/12/2019,-,-
26/12/2019,"5,974381326","2,85"
27/12/2019,"5,698733343","-4,61"
30/12/2019,"5,796139006","1,71"
31/12/2019,-,-
01/01/2020,-,-
02/01/2020,"5,992019324","3,38"
03/01/2020,"6,007669556","0,26"
06/01/2020,"6,010698633","0,05"
07/01/2020,"6,008174402","-0,04"
08/01/2020,"5,99252417","-0,26"
09/01/2020,"5,835517008","-2,62"
10/01/2020,"5,904680935","1,19"
13/01/2020,"5,865302932","-0,67"
14/01/2020,"5,805731083","-1,02"
15/01/2020,"5,835517008","0,51"
16/01/2020,"5,823400699","-0,21"
17/01/2020,"5,805731083","-0,30"
20/01/2020,"5,794119621","-0,20"
21/01/2020,"5,805226237","0,19"
22/01/2020,"5,704761847","-1,73"
23/01/2020,"5,699713385","-0,09"
24/01/2020,"5,704761847","0,09"
27/01/2020,"5,62903492","-1,33"
28/01/2020,"5,654277229","0,45"
29/01/2020,"5,553307993","-1,79"
30/01/2020,"5,548259531","-0,09"
31/01/2020,"5,439717602","-1,96"
03/02/2020,"5,510825021","1,31"
04/02/2020,"5,512348752","0,03"
05/02/2020,"5,4346385","-1,41"
06/02/2020,"5,429559399","-0,09"
07/02/2020,"5,3594678","-1,29"
10/02/2020,"5,363531081","0,08"
11/02/2020,"5,383847486","0,38"
12/02/2020,"5,346262136","-0,70"
13/02/2020,"5,4346385","1,65"
14/02/2020,"5,497111448","1,15"
17/02/2020,"5,386894947","-2,00"
18/02/2020,"5,448352074","1,14"
19/02/2020,"5,428035669","-0,37"
20/02/2020,"5,460034007","0,59"
21/02/2020,"5,462573558","0,05"
24/02/2020,-,-
25/02/2020,-,-
26/02/2020,"5,333056472","-2,37"
27/02/2020,"5,318327078","-0,28"
28/02/2020,"5,285820829","-0,61"
02/03/2020,"5,308168875","0,42"
03/03/2020,"5,427019848","2,24"
04/03/2020,"5,417369556","-0,18"
05/03/2020,"5,383847486","-0,62"
06/03/2020,"5,348293777","-0,66"
09/03/2020,"5,176163113","-3,22"
10/03/2020,"5,303235817","2,45"
11/03/2020,"5,181287012","-2,30"
12/03/2020,"4,842084876","-6,55"
13/03/2020,"4,862580474","0,42"
16/03/2020,"4,631962599","-4,74"
17/03/2020,"4,617516736","-0,31"
18/03/2020,"4,244503932","-8,08"
19/03/2020,"4,127389261","-2,76"
20/03/2020,"4,488535822","8,75"
23/03/2020,"4,184140864","-6,78"
24/03/2020,"4,230573993","1,11"
25/03/2020,"4,364714144","3,17"
26/03/2020,"4,38535109","0,47"
27/03/2020,"4,38535109","0,00"
30/03/2020,"4,442102693","1,29"
31/03/2020,"4,617516736","3,95"
01/04/2020,"4,540128188","-1,68"
02/04/2020,"4,576242844","0,80"
03/04/2020,"4,395669563","-3,95"
06/04/2020,"4,436943456","0,94"
07/04/2020,"4,396185487","-0,92"
08/04/2020,"4,589140935","4,39"
09/04/2020,"4,632478522","0,94"
10/04/2020,-,-
13/04/2020,"4,728440323","2,07"
14/04/2020,"4,80840849","1,69"
15/04/2020,"4,745981727","-1,30"
16/04/2020,"4,774039863","0,59"
17/04/2020,"4,979279931","4,30"
20/04/2020,"4,962133292","-0,34"
21/04/2020,-,-
22/04/2020,"5,040072559","1,57"
23/04/2020,"5,055660412","0,31"
24/04/2020,"4,946545439","-2,16"
27/04/2020,"5,003700901","1,16"
28/04/2020,"5,02188673","0,36"
29/04/2020,"5,04526851","0,47"
30/04/2020,"5,081640167","0,72"
01/05/2020,-,-
04/05/2020,"5,027082681","-1,07"
05/05/2020,"5,076444216","0,98"
06/05/2020,"5,129442917","1,04"
07/05/2020,"5,123207776","-0,12"
08/05/2020,"5,09203207","-0,61"
11/05/2020,"5,079042192","-0,26"
12/05/2020,"5,052542841","-0,52"
13/05/2020,"5,034876608","-0,35"
14/05/2020,"4,969927219","-1,29"
15/05/2020,"4,99746576","0,55"
18/05/2020,"4,990665063","-0,14"
19/05/2020,"5,073842814","1,67"
20/05/2020,"5,124063343","0,99"
21/05/2020,"5,12040143","-0,07"
22/05/2020,"5,126155865","0,11"
25/05/2020,"5,196448602","1,37"
26/05/2020,"5,121564114","-1,44"
27/05/2020,"5,108191884","-0,26"
28/05/2020,"5,108191884","0,00"
29/05/2020,"5,076098532","-0,63"
01/06/2020,"5,118889668","0,84"
02/06/2020,"5,084656759","-0,67"
03/06/2020,"5,108191884","0,46"
04/06/2020,"5,113540776","0,10"
05/06/2020,"5,153657466","0,78"
08/06/2020,"5,134936344","-0,36"
09/06/2020,"5,140285236","0,10"
10/06/2020,"5,14456435","0,08"
11/06/2020,-,-
12/06/2020,"5,125308338","-0,37"
15/06/2020,"5,086796316","-0,75"
16/06/2020,"5,116417681","0,58"
17/06/2020,"5,13257479","0,32"
18/06/2020,"5,353388605","4,30"
19/06/2020,"5,264524509","-1,66"
22/06/2020,"5,318381537","1,02"
23/06/2020,"5,385702822","1,27"
24/06/2020,"5,358774308","-0,50"
25/06/2020,"5,36200573","0,06"
26/06/2020,"5,412092766","0,93"
29/06/2020,"5,435251288","0,43"
30/06/2020,"5,600592365","3,04"
01/07/2020,-,-
02/07/2020,"5,644216558",-
03/07/2020,"5,546735337","-1,73"
06/07/2020,"5,428249875","-2,14"
07/07/2020,"5,512805409","1,56"
08/07/2020,"5,528423947","0,28"
09/07/2020,"5,567739578","0,71"
10/07/2020,"5,616749473","0,88"
13/07/2020,"5,600203263","-0,29"
14/07/2020,"5,606727772","0,12"
15/07/2020,"5,641205454","0,61"
16/07/2020,"5,357722293","-5,03"
17/07/2020,"5,347324262","-0,19"
20/07/2020,"5,256478307","-1,70"
21/07/2020,"5,259214631","0,05"
22/07/2020,"5,272348986","0,25"
23/07/2020,"5,258120101","-0,27"
24/07/2020,"5,256478307","-0,03"
27/07/2020,"5,265234543","0,17"
28/07/2020,"5,281652487","0,31"
29/07/2020,"5,297523166","0,30"
30/07/2020,"5,302995814","0,10"
31/07/2020,"5,302995814","0,00"
03/08/2020,"5,238418569","-1,22"
04/08/2020,"5,217075242","-0,41"
05/08/2020,"5,251552924","0,66"
06/08/2020,"5,219264301","-0,61"
07/08/2020,"5,24772207","0,55"
10/08/2020,"5,238965833","-0,17"
11/08/2020,"5,267970867","0,55"
12/08/2020,"5,270159926","0,04"
13/08/2020,"5,276225187","0,12"
14/08/2020,"5,276776574","0,01"
17/08/2020,"5,229908653","-0,89"
18/08/2020,"5,227151716","-0,05"
19/08/2020,"5,192965703","-0,65"
20/08/2020,"5,205096224","0,23"
21/08/2020,"5,195171252","-0,19"
24/08/2020,"5,238179462","0,83"
25/08/2020,"5,257478018","0,37"
26/08/2020,"5,235422526","-0,42"
27/08/2020,"5,242039173","0,13"
28/08/2020,"5,248104434","0,12"
31/08/2020,"5,275673799","0,53"
01/09/2020,"5,26740299","-0,16"
02/09/2020,"5,271262701","0,07"
03/09/2020,"5,293318193","0,42"
04/09/2020,"5,292766806","-0,01"
07/09/2020,-,-
08/09/2020,"5,285598771","-0,14"
09/09/2020,"5,314270911","0,54"
10/09/2020,"5,319233397","0,09"
11/09/2020,"5,312065362","-0,13"
14/09/2020,"5,288169682","-0,45"
15/09/2020,"5,295949671","0,15"
16/09/2020,"5,323179632","0,51"
17/09/2020,"5,328736767","0,10"
18/09/2020,"5,34818674","0,37"
21/09/2020,"5,334849616","-0,25"
22/09/2020,"5,362079577","0,51"
23/09/2020,"5,337628183","-0,46"
24/09/2020,"5,37041528","0,61"
25/09/2020,"5,362635291","-0,14"
28/09/2020,"5,380973836","0,34"
29/09/2020,"5,363191004","-0,33"
30/09/2020,"5,379306696","0,30"
01/10/2020,"5,435989473","1,05"
02/10/2020,"5,496562245","1,11"
05/10/2020,"5,50211938","0,10"
06/10/2020,"5,499340812","-0,05"
07/10/2020,"5,493227964","-0,11"
08/10/2020,"5,496006531","0,05"
09/10/2020,"5,507120801","0,20"
12/10/2020,-,-
13/10/2020,"5,551022168","0,80"
14/10/2020,"5,542625946","-0,15"
15/10/2020,"5,54150645","-0,02"
16/10/2020,"5,535908968","-0,10"
19/10/2020,"5,542066198","0,11"
20/10/2020,"5,543185694","0,02"
21/10/2020,"5,552701412","0,17"
22/10/2020,"5,553820908","0,02"
23/10/2020,"5,569493856","0,28"
26/10/2020,"5,513519043","-1,01"
27/10/2020,"5,481053652","-0,59"
28/10/2020,"5,428997076","-0,95"
29/10/2020,"5,457544231","0,53"
30/10/2020,"5,373022264","-1,55"
02/11/2020,-,-
03/11/2020,"5,395412189","0,42"
04/11/2020,"5,428997076","0,62"
05/11/2020,"5,450827253","0,40"
06/11/2020,"5,457544231","0,12"
09/11/2020,"5,474896423","0,32"
10/11/2020,"5,512959295","0,70"
11/11/2020,"5,532731155","0,36"
12/11/2020,"5,496576897","-0,65"
13/11/2020,"5,515783847","0,35"
16/11/2020,"5,4801945","-0,65"
17/11/2020,"5,505615462","0,46"
18/11/2020,"5,507875103","0,04"
19/11/2020,"5,505050551","-0,05"
20/11/2020,"5,527934992","0,42"
23/11/2020,"5,539867013","0,22"
24/11/2020,"5,53873063","-0,02"
25/11/2020,"5,516002971","-0,41"
26/11/2020,"5,500093609","-0,29"
27/11/2020,"5,502934566","0,05"
30/11/2020,"5,502934566","0,00"
01/12/2020,"5,500093609","-0,05"
02/12/2020,"5,510889247","0,20"
03/12/2020,"5,505775524","-0,09"
04/12/2020,"5,553503609","0,87"
07/12/2020,"5,551230843","-0,04"
08/12/2020,"5,574526694","0,42"
09/12/2020,"5,566003822","-0,15"
10/12/2020,"5,596686162","0,55"
11/12/2020,"5,59324028","-0,06"
14/12/2020,"5,611044002","0,32"
15/12/2020,"5,656414778","0,81"
16/12/2020,"5,662732228","0,11"
17/12/2020,"5,737392997","1,32"
18/12/2020,"5,725906725","-0,20"
21/12/2020,"5,799993181","1,29"
22/12/2020,"5,803439063","0,06"
23/12/2020,"5,895903555","1,59"
24/12/2020,-,-
25/12/2020,-,-
28/12/2020,"5,937828448","0,71"
29/12/2020,"5,986070792","0,81"
30/12/2020,"5,981476283","-0,08"
31/12/2020,-,-
01/01/2021,-,-
04/01/2021,"5,922321981","-0,99"
05/01/2021,"5,949889034","0,47"
06/01/2021,"5,972287265","0,38"
07/01/2021,"5,936679821","-0,60"
08/01/2021,"5,932659626","-0,07"
11/01/2021,"5,85225572","-1,36"
12/01/2021,"5,86661356","0,25"
13/01/2021,"5,925193549","1,00"
14/01/2021,"5,90953531","-0,26"
15/01/2021,"5,890397463","-0,32"
18/01/2021,"5,867780007","-0,38"
19/01/2021,"5,799347704","-1,17"
20/01/2021,"5,788908878","-0,18"
21/01/2021,"5,799347704","0,18"
22/01/2021,"5,837043464","0,65"
25/01/2021,-,-
26/01/2021,"5,805726986","-0,54"
27/01/2021,"5,807466791","0,03"
28/01/2021,"5,854441507","0,81"
29/01/2021,"5,915334658","1,04"
01/02/2021,"5,90953531","-0,10"
02/02/2021,"5,927513288","0,30"
03/02/2021,"5,937952114","0,18"
04/02/2021,"5,955930092","0,30"
05/02/2021,"5,973328135","0,29"
08/02/2021,"5,973328135","0,00"
09/02/2021,"5,979127483","0,10"
10/02/2021,"5,984346895","0,09"
11/02/2021,"5,961050541","-0,39"
12/02/2021,"5,921965569","-0,66"
15/02/2021,-,-
16/02/2021,-,-
17/02/2021,"5,921373372","-0,01"
18/02/2021,"5,921373372","0,00"
19/02/2021,"5,919004586","-0,04"
22/02/2021,"5,915451407","-0,06"
23/02/2021,"5,924334355","0,15"
24/02/2021,"5,916043603","-0,14"
25/02/2021,"5,921373372","0,09"
26/02/2021,"5,919596782","-0,03"
01/03/2021,"5,920781176","0,02"
02/03/2021,"5,904199672","-0,28"
03/03/2021,"5,91308262","0,15"
04/03/2021,"6,010795052","1,65"
05/03/2021,"5,984738404","-0,43"
08/03/2021,"5,966972507","-0,30"
09/03/2021,"5,920781176","-0,77"
10/03/2021,"5,926110945","0,09"
11/03/2021,"5,930300278","0,07"
12/03/2021,"5,960224086","0,50"
15/03/2021,"5,918929231","-0,69"
16/03/2021,"5,901573422","-0,29"
17/03/2021,"5,9548378","0,90"
18/03/2021,"5,999125036","0,74"
19/03/2021,"6,008700655","0,16"
22/03/2021,"5,996731132","-0,20"
23/03/2021,"6,012291512","0,26"
24/03/2021,"6,032041225","0,33"
25/03/2021,"6,039821415","0,13"
26/03/2021,"6,06555589","0,43"
29/03/2021,"6,074533032","0,15"
30/03/2021,"6,074533032","0,00"
31/03/2021,"6,074533032","0,00"
01/04/2021,"6,116426364","0,69"
02/04/2021,-,-
05/04/2021,"6,175675504","0,97"
06/04/2021,"6,152334933","-0,38"
07/04/2021,"6,215773406","1,03"
08/04/2021,"6,164304457","-0,83"
09/04/2021,"6,193031312","0,47"
12/04/2021,"6,169690742","-0,38"
13/04/2021,"6,188243503","0,30"
14/04/2021,"6,215440588","0,44"
15/04/2021,"6,176760289","-0,62"
16/04/2021,"6,187034744","0,17"
19/04/2021,"6,170716492","-0,26"
20/04/2021,"6,170716492","0,00"
21/04/2021,-,-
22/04/2021,"6,160442038","-0,17"
23/04/2021,"6,177364669","0,27"
26/04/2021,"6,164672696","-0,21"
27/04/2021,"6,158628899","-0,10"
28/04/2021,"6,129618674","-0,47"
29/04/2021,"6,158628899","0,47"
30/04/2021,"6,164672696","0,10"
03/05/2021,"6,169507733","0,08"
04/05/2021,"6,176760289","0,12"
05/05/2021,"6,166485835","-0,17"
06/05/2021,"6,170168658","0,06"
07/05/2021,"6,172608666","0,04"
10/05/2021,"6,145158583","-0,44"
11/05/2021,"6,154918612","0,16"
12/05/2021,"6,161628632","0,11"
13/05/2021,"6,163477861","0,03"
14/05/2021,"6,161012223","-0,04"
17/05/2021,"6,157930176","-0,05"
18/05/2021,"6,151149672","-0,11"
19/05/2021,"6,148684034","-0,04"
20/05/2021,"6,145601987","-0,05"
21/05/2021,"6,144985578","-0,01"
24/05/2021,"6,136972255","-0,13"
25/05/2021,"6,139437893","0,04"
26/05/2021,"6,151766082","0,20"
27/05/2021,"6,1529989","0,02"
28/05/2021,"6,151766082","-0,02"
31/05/2021,"6,151766082","0,00"
01/06/2021,"6,128342523","-0,38"
02/06/2021,"6,139437893","0,18"
03/06/2021,-,-
04/06/2021,"6,154848129","0,25"
07/06/2021,"6,16409427","0,15"
08/06/2021,"6,212790615","0,79"
09/06/2021,"6,231899307","0,31"
10/06/2021,"6,247925952","0,26"
11/06/2021,"6,241145448","-0,11"
14/06/2021,"6,198811494","-0,68"
15/06/2021,"6,221223588","0,36"
16/06/2021,"6,244258239","0,37"
17/06/2021,"6,250483821","0,10"
18/06/2021,"6,262934984","0,20"
21/06/2021,"6,279744054","0,27"
22/06/2021,"6,284101961","0,07"
23/06/2021,"6,275386147","-0,14"
24/06/2021,"6,284724519","0,15"
25/06/2021,"6,113521028","-2,72"
28/06/2021,"6,11601126","0,04"
29/06/2021,"6,180757308","1,06"
30/06/2021,"6,239277774","0,95"
01/07/2021,"6,279744054","0,65"
02/07/2021,"6,289704984","0,16"
05/07/2021,"6,238032658","-0,82"
06/07/2021,"6,300288473","1,00"
07/07/2021,"6,269160565","-0,49"
08/07/2021,"6,275386147","0,10"
09/07/2021,-,-
12/07/2021,"6,303401263","0,45"
13/07/2021,"6,295308007","-0,13"
14/07/2021,"6,312913743","0,28"
15/07/2021,"6,288391468","-0,39"
16/07/2021,"6,297194336","0,14"
19/07/2021,"6,287762692","-0,15"
20/07/2021,"6,270156957","-0,28"
21/07/2021,"6,260725313","-0,15"
22/07/2021,"6,280846153","0,32"
23/07/2021,"6,261982865","-0,30"
26/07/2021,"6,270785733","0,14"
27/07/2021,"6,268270628","-0,04"
28/07/2021,"6,284618811","0,26"
29/07/2021,"6,268899404","-0,25"
30/07/2021,"6,268270628","-0,01"
02/08/2021,"6,277702272","0,15"
03/08/2021,"6,282732482","0,08"
04/08/2021,"6,28147493","-0,02"
05/08/2021,"6,255066326","-0,42"
06/08/2021,"6,275187167","0,32"
09/08/2021,"6,284618811","0,15"
10/08/2021,"6,284618811","0,00"
11/08/2021,"6,28147493","-0,05"
12/08/2021,"6,249079822","-0,52"
13/08/2021,"6,254796605","0,09"
16/08/2021,"6,259878191","0,08"
17/08/2021,"6,212238326","-0,76"
18/08/2021,"6,239551849","0,44"
19/08/2021,"6,22494229","-0,23"
20/08/2021,"6,212238326","-0,20"
23/08/2021,"6,215414317","0,05"
24/08/2021,"6,237646254","0,36"
25/08/2021,"6,2567022","0,31"
26/08/2021,"6,255431804","-0,02"
27/08/2021,"6,230659074","-0,40"
30/08/2021,"6,252891011","0,36"
31/08/2021,"6,250350218","-0,04"
01/09/2021,"6,2567022","0,10"
02/09/2021,"6,275758146","0,30"
03/09/2021,"6,275758146","0,00"
06/09/2021,"6,2567022","-0,30"
07/09/2021,-,-
08/09/2021,"6,244633434","-0,19"
09/09/2021,"6,24971502","0,08"
10/09/2021,"6,28846211","0,62"
13/09/2021,"6,297990083","0,15"
14/09/2021,"6,295359263","-0,04"
15/09/2021,"6,316534154","0,34"
16/09/2021,"6,30434255","-0,19"
17/09/2021,"6,297284253","-0,11"
20/09/2021,"6,276109362","-0,34"
21/09/2021,"6,281884332","0,09"
22/09/2021,"6,278676015","-0,05"
23/09/2021,"6,285092649","0,10"
24/09/2021,"6,283809322","-0,02"
27/09/2021,"6,274826035","-0,14"
28/09/2021,"6,274184372","-0,01"
29/09/2021,"6,271617718","-0,04"
30/09/2021,"6,294717599","0,37"
01/10/2021,"6,288300966","-0,10"
04/10/2021,"6,303700886","0,24"
05/10/2021,"6,315250827","0,18"
06/10/2021,"6,326800768","0,18"
07/10/2021,"6,320384134","-0,10"
08/10/2021,"6,340275698","0,31"
11/10/2021,"6,416633638","1,20"
12/10/2021,-,-
13/10/2021,"6,401875381","-0,23"
14/10/2021,"6,398634582","-0,05"
15/10/2021,"6,416134899","0,27"
18/10/2021,"6,423264658","0,11"
19/10/2021,"6,388264023","-0,54"
20/10/2021,"6,368819226","-0,30"
21/10/2021,"6,370115546","0,02"
22/10/2021,"6,37145194","0,02"
25/10/2021,"6,377944147","0,10"
26/10/2021,"6,368855057","-0,14"
27/10/2021,"6,355870643","-0,20"
28/10/2021,"6,35262454","-0,05"
29/10/2021,"6,359116747","0,10"
01/11/2021,"6,364959733","0,09"
02/11/2021,-,-
03/11/2021,"6,365608954","0,01"
04/11/2021,"6,36236285","-0,05"
05/11/2021,"6,368855057","0,10"
08/11/2021,"6,361713629","-0,11"
09/11/2021,"6,36236285","0,01"
10/11/2021,"6,359765967","-0,04"
11/11/2021,"6,36236285","0,04"
12/11/2021,"6,378762383","0,26"
15/11/2021,-,-
16/11/2021,"6,368922663","-0,15"
17/11/2021,"6,334155653","-0,55"
18/11/2021,"6,274461353","-0,94"
19/11/2021,"6,308572382","0,54"
22/11/2021,"6,265277614","-0,69"
23/11/2021,"6,244942193","-0,32"
24/11/2021,"6,231822567","-0,21"
25/11/2021,"6,231822567","0,00"
26/11/2021,"6,216734996","-0,24"
29/11/2021,"6,249534063","0,53"
30/11/2021,"6,284301073","0,56"
01/12/2021,"6,317100139","0,52"
02/12/2021,"6,3079164","-0,15"
03/12/2021,"6,363018831","0,87"
06/12/2021,"6,370890607","0,12"
07/12/2021,"6,380074346","0,14"
08/12/2021,"6,423369113","0,68"
09/12/2021,"6,415497337","-0,12"
10/12/2021,"6,424681076","0,14"
13/12/2021,"6,374312212","-0,78"
14/12/2021,"6,366359234","-0,12"
15/12/2021,"6,355755263","-0,17"
16/12/2021,"6,339186558","-0,26"
17/12/2021,"6,293456932","-0,72"
20/12/2021,"6,300084414","0,11"
21/12/2021,"6,296107924","-0,06"
22/12/2021,"6,30870014","0,20"
23/12/2021,"6,308037392","-0,01"
24/12/2021,-,-
27/12/2021,"6,284178457","-0,38"
28/12/2021,"6,335872817","0,82"
29/12/2021,"6,420041838","1,33"
30/12/2021,"6,359731752","-0,94"
31/12/2021,-,-
03/01/2022,"6,438598788","1,24"
04/01/2022,"6,433959551","-0,07"
05/01/2022,"6,427994817","-0,09"
06/01/2022,"6,424018328","-0,06"
07/01/2022,"6,460469479","0,57"
10/01/2022,"6,449865507","-0,16"
11/01/2022,"6,458481234","0,13"
12/01/2022,"6,490955896","0,50"
13/01/2022,"6,478220646","-0,20"
14/01/2022,"6,491626172","0,21"
17/01/2022,"6,498328936","0,10"
18/01/2022,"6,486934238","-0,18"
19/01/2022,"6,480231475","-0,10"
20/01/2022,"6,496318107","0,25"
21/01/2022,"6,518437225","0,34"
24/01/2022,"6,521788607","0,05"
25/01/2022,"6,520448054","-0,02"
26/01/2022,"6,50838308","-0,19"
27/01/2022,"6,494977554","-0,21"
28/01/2022,"6,497658659","0,04"
31/01/2022,"6,481572027","-0,25"
01/02/2022,"6,510393909","0,44"
02/02/2022,"6,530502199","0,31"
03/02/2022,"6,532513028","0,03"
04/02/2022,"6,535194133","0,04"
07/02/2022,"6,529161646","-0,09"
08/02/2022,"6,521788607","-0,11"
09/02/2022,"6,50838308","-0,21"
10/02/2022,"6,518437225","0,15"
11/02/2022,"6,529284339","0,17"
14/02/2022,"6,511657779","-0,27"
15/02/2022,"6,538775563","0,42"
16/02/2022,"6,515047502","-0,36"
17/02/2022,"6,530640228","0,24"
18/02/2022,"6,528606394","-0,03"
21/02/2022,"6,517081336","-0,18"
22/02/2022,"6,508268056","-0,14"
23/02/2022,"6,500810666","-0,11"
24/02/2022,"6,473692882","-0,42"
25/02/2022,"6,474370827","0,01"
28/02/2022,-,-
01/03/2022,-,-
02/03/2022,"6,49403122","0,30"
03/03/2022,"6,52657256","0,50"
04/03/2022,"6,522504893","-0,06"
07/03/2022,"6,529284339","0,10"
08/03/2022,"6,506912167","-0,34"
09/03/2022,"6,538775563","0,49"
10/03/2022,"6,521826948","-0,26"
11/03/2022,"6,532674062","0,17"
14/03/2022,"6,48741304","-0,69"
15/03/2022,"6,479183764","-0,13"
16/03/2022,"6,467525622","-0,18"
17/03/2022,"6,473697579","0,10"
18/03/2022,"6,48055531","0,11"
21/03/2022,"6,467525622","-0,20"
22/03/2022,"6,48741304","0,31"
23/03/2022,"6,50524314","0,27"
24/03/2022,"6,48055531","-0,38"
25/03/2022,"6,499756955","0,30"
28/03/2022,"6,492899225","-0,11"
29/03/2022,"6,514843962","0,34"
30/03/2022,"6,507986232","-0,11"
31/03/2022,"6,514843962","0,11"
01/04/2022,"6,514843962","0,00"
04/04/2022,"6,554618799","0,61"
05/04/2022,"6,566276941","0,18"
06/04/2022,"6,515529735","-0,77"
07/04/2022,"6,510043551","-0,08"
08/04/2022,"6,534045608","0,37"
11/04/2022,"6,55005137","0,24"
12/04/2022,"6,56311709","0,20"
13/04/2022,"6,551986088","-0,17"
14/04/2022,"6,567291215","0,23"
15/04/2022,-,-
18/04/2022,"6,53946371","-0,42"
19/04/2022,"6,546420587","0,11"
20/04/2022,"6,535985272","-0,16"
21/04/2022,-,-
22/04/2022,"6,544333524","0,13"
25/04/2022,"6,553377463","0,14"
26/04/2022,"6,560334339","0,11"
27/04/2022,"6,56589984","0,08"
28/04/2022,"6,581204968","0,23"
29/04/2022,"6,601379909","0,31"
02/05/2022,"6,547811962","-0,81"
03/05/2022,"6,525549958","-0,34"
04/05/2022,"6,511636205","-0,21"
05/05/2022,"6,532506834","0,32"
06/05/2022,"6,542942148","0,16"
09/05/2022,"6,547811962","0,07"
10/05/2022,"6,583987719","0,55"
11/05/2022,"6,532506834","-0,78"
12/05/2022,"6,492391246","-0,61"
13/05/2022,"6,521246318","0,44"
16/05/2022,"6,530395487","0,14"
17/05/2022,"6,541656003","0,17"
18/05/2022,"6,555731648","0,22"
19/05/2022,"6,518431189","-0,57"
20/05/2022,"6,572622422","0,83"
23/05/2022,"6,580364027","0,12"
24/05/2022,"6,590920761","0,16"
25/05/2022,"6,585994285","-0,07"
26/05/2022,"6,57825268","-0,12"
27/05/2022,"6,579660245","0,02"
30/05/2022,"6,576845116","-0,04"
31/05/2022,"6,604996406","0,43"
01/06/2022,"6,646519558","0,63"
02/06/2022,"6,640185518","-0,10"
03/06/2022,"6,650742252","0,16"
06/06/2022,"6,667633026","0,25"
07/06/2022,"6,664114115","-0,05"
08/06/2022,"6,650742252","-0,20"
09/06/2022,"6,650742252","0,00"
10/06/2022,"6,631740131","-0,29"
13/06/2022,"6,589005258","-0,64"
14/06/2022,"6,566213325","-0,35"
15/06/2022,"6,554105111","-0,18"
16/06/2022,-,-
17/06/2022,"6,532025426","-0,34"
20/06/2022,"6,546982632","0,23"
21/06/2022,"6,525615195","-0,33"
22/06/2022,"6,524190699","-0,02"
23/06/2022,"6,519204964","-0,08"
24/06/2022,"6,524190699","0,08"
27/06/2022,"6,517780468","-0,10"
28/06/2022,"6,45296591","-0,99"
29/06/2022,"6,474333347","0,33"
30/06/2022,"6,470059859","-0,07"
01/07/2022,"6,458663893","-0,18"
04/07/2022,"6,524902947","1,03"
05/07/2022,"6,52062946","-0,07"
06/07/2022,"6,497125279","-0,36"
07/07/2022,"6,504960006","0,12"
08/07/2022,"6,496413031","-0,13"
11/07/2022,"6,492139544","-0,07"
12/07/2022,"6,477894586","-0,22"
13/07/2022,"6,445451041","-0,50"
14/07/2022,"6,416612334","-0,45"
15/07/2022,"6,438241364","0,34"
18/07/2022,"6,467080071","0,45"
19/07/2022,"6,470684909","0,06"
20/07/2022,"6,4641962","-0,10"
21/07/2022,"6,46131233","-0,04"
22/07/2022,"6,467080071","0,09"
25/07/2022,"6,424542978","-0,66"
26/07/2022,"6,413007495","-0,18"
27/07/2022,"6,378401047","-0,54"
28/07/2022,"6,333701051","-0,70"
29/07/2022,"6,335863954","0,03"
01/08/2022,"6,366144596","0,48"
02/08/2022,"6,438241364","1,13"
03/08/2022,"6,431031687","-0,11"
04/08/2022,"6,428147816","-0,04"
05/08/2022,"6,445451041","0,27"
08/08/2022,"6,471405877","0,40"
09/08/2022,"6,472847813","0,02"
10/08/2022,"6,456986524","-0,25"
11/08/2022,"6,394212293","-0,97"
12/08/2022,"6,492753236","1,54"
15/08/2022,"6,489833505","-0,04"
16/08/2022,"6,532169613","0,65"
17/08/2022,"6,559907064","0,42"
18/08/2022,"6,522680485","-0,57"
19/08/2022,"6,532899546","0,16"
22/08/2022,"6,565746527","0,50"
23/08/2022,"6,564286661","-0,02"
24/08/2022,"6,565016594","0,01"
25/08/2022,"6,569396192","0,07"
26/08/2022,"6,569396192","0,00"
29/08/2022,"6,564286661","-0,08"
30/08/2022,"6,554067601","-0,16"
31/08/2022,"6,509541693","-0,68"
01/09/2022,"6,64165955","2,03"
02/09/2022,"6,642389483","0,01"
05/09/2022,"6,66428747","0,33"
06/09/2022,"6,679616061","0,23"
07/09/2022,-,-
08/09/2022,"6,643119416","-0,55"
09/09/2022,"6,670856866","0,42"
12/09/2022,"6,667207202","-0,05"
13/09/2022,"6,673776598","0,10"
14/09/2022,"6,649395481","-0,37"
15/09/2022,"6,690769497","0,62"
16/09/2022,"6,684858924","-0,09"
19/09/2022,"6,707023575","0,33"
20/09/2022,"6,716628258","0,14"
21/09/2022,"6,717367079","0,01"
22/09/2022,"6,707762397","-0,14"
23/09/2022,"6,709978862","0,03"
26/09/2022,"6,717367079","0,11"
27/09/2022,"6,717367079","0,00"
28/09/2022,"6,723277653","0,09"
29/09/2022,"6,711456506","-0,18"
30/09/2022,"6,734359979","0,34"
03/10/2022,"6,749875235","0,23"
04/10/2022,"6,786816321","0,55"
05/10/2022,"6,808980973","0,33"
06/10/2022,"6,797898647","-0,16"
07/10/2022,"6,819324477","0,32"
10/10/2022,"6,852571454","0,49"
11/10/2022,"6,854787919","0,03"
12/10/2022,-,-
13/10/2022,"6,877691393","0,33"
14/10/2022,"6,852284884","-0,37"
17/10/2022,"6,81342787","-0,57"
18/10/2022,"6,797735615","-0,23"
19/10/2022,"6,777559858","-0,30"
20/10/2022,"6,745428097","-0,47"
21/10/2022,"6,747669847","0,03"
24/10/2022,"6,702087582","-0,68"
25/10/2022,"6,723010589","0,31"
26/10/2022,"6,717032587","-0,09"
27/10/2022,"6,711054585","-0,09"
28/10/2022,"6,72525234","0,21"
31/10/2022,"6,732724842","0,11"
01/11/2022,"6,746175347","0,20"
02/11/2022,-,-
03/11/2022,"6,72525234","-0,31"
04/11/2022,"6,740197345","0,22"
07/11/2022,"6,72525234","-0,22"
08/11/2022,"6,734966593","0,14"
09/11/2022,"6,708065584","-0,40"
10/11/2022,"6,687142576","-0,31"
11/11/2022,"6,651274564","-0,54"
14/11/2022,"6,578846892","-1,09"
15/11/2022,-,-
16/11/2022,"6,601480539","0,34"
17/11/2022,"6,443045006","-2,40"
18/11/2022,"6,482276662","0,61"
21/11/2022,"6,489821211","0,12"
22/11/2022,"6,416639084","-1,13"
23/11/2022,"6,41286681","-0,06"
24/11/2022,"6,363072785","-0,78"
25/11/2022,"6,360054965","-0,05"
28/11/2022,"6,308752031","-0,81"
29/11/2022,"6,272538195","-0,57"
30/11/2022,"6,288381748","0,25"
01/12/2022,"6,243868908","-0,71"
02/12/2022,"6,449080646","3,29"
05/12/2022,"6,416639084","-0,50"
06/12/2022,"6,404567805","-0,19"
07/12/2022,"6,424183633","0,31"
08/12/2022,"6,41286681","-0,18"
09/12/2022,"6,439272732","0,41"
12/12/2022,"6,26876592","-2,65"
13/12/2022,"6,100527763","-2,68"
14/12/2022,"6,032323105","-1,12"
15/12/2022,"5,930773947","-1,68"
16/12/2022,"5,895913788","-0,59"
19/12/2022,"5,726917802","-2,87"
20/12/2022,"5,823162153","1,68"
21/12/2022,"5,95805581","2,32"
22/12/2022,"5,914859527","-0,73"
23/12/2022,"6,114926524","3,38"
26/12/2022,"6,210413046","1,56"
27/12/2022,"6,205866069","-0,07"
28/12/2022,"6,198287773","-0,12"
29/12/2022,"6,221022659","0,37"
30/12/2022,-,-
02/01/2023,"6,23617925","0,24"
03/01/2023,"6,184646842","-0,83"
04/01/2023,"6,176310717","-0,13"
05/01/2023,"6,214202194","0,61"
06/01/2023,"6,265734602","0,83"
09/01/2023,"6,217991341","-0,76"
10/01/2023,"6,207381728","-0,17"
11/01/2023,"6,139934899","-1,09"
12/01/2023,"6,010938256","-2,10"
13/01/2023,"5,976590037","-0,57"
16/01/2023,"5,915526537","-1,02"
17/01/2023,"5,930792412","0,26"
18/01/2023,"6,028494012","1,65"
19/01/2023,"6,037653537","0,15"
20/01/2023,"6,106349974","1,14"
23/01/2023,"5,991855912","-1,88"
24/01/2023,"5,9689571","-0,38"
25/01/2023,"5,943768406","-0,42"
26/01/2023,"5,917053125","-0,45"
27/01/2023,"5,9078936","-0,15"
30/01/2023,"5,878125144","-0,50"
31/01/2023,"5,929265825","0,87"
01/02/2023,"5,983459681","0,91"
02/02/2023,"6,041470006","0,97"
03/02/2023,"6,046813062","0,09"
06/02/2023,"6,002542025","-0,73"
07/02/2023,"6,0178079","0,25"
08/02/2023,"5,965903925","-0,86"
09/02/2023,"5,972773568","0,12"
10/02/2023,"5,953691225","-0,32"
13/02/2023,"5,875079379","-1,32"
14/02/2023,"5,869684449","-0,09"
15/02/2023,"5,897429806","0,47"
16/02/2023,"5,950608407","0,90"
17/02/2023,"6,026137435","1,27"
20/02/2023,-,-
21/02/2023,-,-
22/02/2023,"6,015347574","-0,18"
23/02/2023,"5,996850669","-0,31"
24/02/2023,"6,027678844","0,51"
27/02/2023,"6,033844479","0,10"
28/02/2023,"6,075462515","0,69"
01/03/2023,"6,033844479","-0,69"
02/03/2023,"5,956774042","-1,28"
03/03/2023,"6,055424201","1,66"
06/03/2023,"6,088564489","0,55"
07/03/2023,"6,073921106","-0,24"
08/03/2023,"5,999933487","-1,22"
09/03/2023,"6,036156592","0,60"
10/03/2023,"6,005328417","-0,51"
13/03/2023,"5,918937612","-1,44"
14/03/2023,"5,903371701","-0,26"
15/03/2023,"5,904928292","0,03"
16/03/2023,"5,92983375","0,42"
17/03/2023,"5,934503523","0,08"
20/03/2023,"5,894032155","-0,68"
21/03/2023,"5,88080113","-0,22"
22/03/2023,"5,868348402","-0,21"
23/03/2023,"5,826320442","-0,72"
24/03/2023,"5,827877033","0,03"
27/03/2023,"5,847334422","0,33"
28/03/2023,"5,868348402","0,36"
29/03/2023,"5,868348402","0,00"
30/03/2023,"5,828655329","-0,68"
31/03/2023,"5,904928292","1,31"
03/04/2023,"5,870683288","-0,58"
04/04/2023,"5,941508183","1,21"
05/04/2023,"5,925942272","-0,26"
06/04/2023,"5,864456924","-1,04"
07/04/2023,-,-
10/04/2023,"5,950069434","1,46"
11/04/2023,"5,975753187","0,43"
12/04/2023,"5,992875689","0,29"
13/04/2023,"5,950069434","-0,71"
14/04/2023,"5,983064273","0,55"
17/04/2023,"5,990134596","0,12"
18/04/2023,"5,988563413","-0,03"
19/04/2023,"5,921788142","-1,12"
20/04/2023,"5,899791583","-0,37"
21/04/2023,-,-
24/04/2023,"5,921002551","0,36"
25/04/2023,"5,923359325","0,04"
26/04/2023,"5,9257161","0,04"
27/04/2023,"5,884865346","-0,69"
28/04/2023,"5,934357605","0,84"
01/05/2023,-,-
02/05/2023,"6,001132876","1,13"
03/05/2023,"5,950069434","-0,85"
04/05/2023,"5,994848145","0,75"
05/05/2023,"6,001918468","0,12"
08/05/2023,"6,064765781","1,05"
09/05/2023,"6,111901267","0,78"
10/05/2023,"6,149609655","0,62"
11/05/2023,"6,181033312","0,51"
12/05/2023,"6,205639968","0,40"
15/05/2023,"6,26993478","1,04"
16/05/2023,"6,278666174","0,14"
17/05/2023,"6,32867325","0,80"
18/05/2023,"6,306447883","-0,35"
19/05/2023,"6,400905692","1,50"
22/05/2023,"6,37471151","-0,41"
23/05/2023,"6,415987191","0,65"
24/05/2023,"6,434243743","0,28"
25/05/2023,"6,458056636","0,37"
26/05/2023,"6,423924823","-0,53"
29/05/2023,"6,441387611","0,27"
30/05/2023,"6,450119005","0,14"
31/05/2023,"6,43344998","-0,26"
01/06/2023,"6,380267852","-0,83"
02/06/2023,"6,409637087","0,46"
05/06/2023,"6,438212558","0,45"
06/06/2023,"6,436625032","-0,02"
07/06/2023,"6,3620113","-1,16"
08/06/2023,-,-
09/06/2023,"6,507269949","2,28"
12/06/2023,"6,500919844","-0,10"
13/06/2023,"6,498538555","-0,04"
14/06/2023,"6,519392912","0,32"
15/06/2023,"6,533830544","0,22"
16/06/2023,"6,566716261","0,50"
19/06/2023,"6,596393615","0,45"
20/06/2023,"6,630081423","0,51"
21/06/2023,"6,587570618","-0,64"
22/06/2023,"6,575539258","-0,18"
23/06/2023,"6,642914874","1,02"
26/06/2023,"6,63810233","-0,07"
27/06/2023,"6,657352506","0,29"
28/06/2023,"6,732749028","1,13"
29/06/2023,"6,801728825","1,02"
30/06/2023,"6,837020814","0,52"
03/07/2023,"6,874719076","0,55"
04/07/2023,"6,897177614","0,33"
05/07/2023,"7,072033379","2,54"
06/07/2023,"7,076845923","0,07"
07/07/2023,"7,112940003","0,51"
10/07/2023,"7,04877275","-0,90"
11/07/2023,"7,054387384","0,08"
12/07/2023,"7,023105848","-0,44"
13/07/2023,"7,006261944","-0,24"
14/07/2023,"7,078374505","1,03"
17/07/2023,"7,115646166","0,53"
18/07/2023,"7,167502389","0,73"
19/07/2023,"7,008692705","-2,22"
20/07/2023,"7,013554226","0,07"
21/07/2023,"7,038672084","0,36"
24/07/2023,"6,877431639","-2,29"
25/07/2023,"6,855554795","-0,32"
26/07/2023,"6,806129332","-0,72"
27/07/2023,"6,8450215","0,57"
28/07/2023,"6,901739244","0,83"
31/07/2023,"6,91713406","0,22"
01/08/2023,"6,811801106","-1,52"
02/08/2023,"6,855554795","0,64"
03/08/2023,"6,926857102","1,04"
04/08/2023,"6,983574847","0,82"
07/08/2023,"7,061359182","1,11"
08/08/2023,"7,064600196","0,05"
09/08/2023,"7,084856533","0,29"
10/08/2023,"7,120507687","0,50"
11/08/2023,"7,1491567","0,40"
14/08/2023,"7,0582984","-1,27"
15/08/2023,"7,014915608","-0,61"
16/08/2023,"7,069758006","0,78"
17/08/2023,"7,080399068","0,15"
18/08/2023,"7,145882527","0,92"
21/08/2023,"7,141789811","-0,06"
22/08/2023,"7,047657338","-1,32"
23/08/2023,"7,057479857","0,14"
24/08/2023,"7,061572573","0,06"
25/08/2023,"7,105773908","0,63"
28/08/2023,"7,043564622","-0,88"
29/08/2023,"7,0885845","0,64"
30/08/2023,"7,149975244","0,87"
31/08/2023,"7,174531541","0,34"
01/09/2023,"7,203999098","0,41"
04/09/2023,"7,231829568","0,39"
05/09/2023,"7,251474606","0,27"
06/09/2023,"7,270301101","0,26"
07/09/2023,-,-
08/09/2023,"7,336603103","0,91"
11/09/2023,"7,365252117","0,39"
12/09/2023,"7,375074636","0,13"
13/09/2023,"7,325143498","-0,68"
14/09/2023,"7,390384348","0,89"
15/09/2023,"7,320188497","-0,95"
18/09/2023,"7,423417689","1,41"
19/09/2023,"7,436631026","0,18"
20/09/2023,"7,464709366","0,38"
21/09/2023,"7,28137432","-2,46"
22/09/2023,"7,279722653","-0,02"
25/09/2023,"7,068309267","-2,90"
26/09/2023,"7,110426778","0,60"
27/09/2023,"7,217785138","1,51"
28/09/2023,"7,118685113","-1,37"
29/09/2023,"7,201268467","1,16"
02/10/2023,"7,118685113","-1,15"
03/10/2023,"7,250818479","1,86"
04/10/2023,"7,193010132","-0,80"
05/10/2023,"7,176493461","-0,23"
06/10/2023,"7,250818479","1,04"
09/10/2023,"7,201268467","-0,68"
10/10/2023,"7,093910107","-1,49"
11/10/2023,"7,102168442","0,12"
12/10/2023,-,-
13/10/2023,"6,989145401","-1,59"
16/10/2023,"6,881108671","-1,55"
17/10/2023,"6,822935047","-0,85"
18/10/2023,"6,73982987","-1,22"
19/10/2023,"6,648414175","-1,36"
20/10/2023,"6,581930033","-1,00"
23/10/2023,"6,723208834","2,15"
24/10/2023,"6,648414175","-1,11"
25/10/2023,"6,540377445","-1,63"
26/10/2023,"6,515445891","-0,38"
27/10/2023,"6,606861586","1,40"
30/10/2023,"6,532066927","-1,13"
31/10/2023,"6,507135374","-0,38"
01/11/2023,"6,748140387","3,70"
02/11/2023,-,-
03/11/2023,"6,781382458","0,49"
06/11/2023,"6,831245565","0,74"
07/11/2023,"6,831245565","0,00"
08/11/2023,"6,806314012","-0,36"
09/11/2023,"6,789692976","-0,24"
10/11/2023,"6,615172104","-2,57"
13/11/2023,"6,648414175","0,50"
14/11/2023,"6,716246591","1,02"
15/11/2023,-,-
16/11/2023,"6,691123474","-0,37"
17/11/2023,"6,724620963","0,50"
20/11/2023,"6,674374729","-0,75"
21/11/2023,"6,624128495","-0,75"
22/11/2023,"6,624128495","0,00"
23/11/2023,"6,590631006","-0,51"
24/11/2023,"6,590631006","0,00"
27/11/2023,"6,590631006","0,00"
28/11/2023,"6,732995335","2,16"
29/11/2023,"6,657625984","-1,12"
30/11/2023,"6,615754123","-0,63"
01/12/2023,"6,607379751","-0,13"
04/12/2023,"6,666000357","0,89"
05/12/2023,"6,758118452","1,38"
06/12/2023,"6,758118452","0,00"
07/12/2023,"6,666000357","-1,36"
08/12/2023,"6,691123474","0,38"
11/12/2023,"6,699497846","0,13"
12/12/2023,"6,649251612","-0,75"
13/12/2023,"6,641656325","-0,11"
14/12/2023,"6,666973948","0,38"
15/12/2023,"6,709169986","0,63"
18/12/2023,"6,734487608","0,38"
19/12/2023,"6,785122853","0,75"
20/12/2023,"6,742926816","-0,62"
21/12/2023,"6,827318891","1,25"
22/12/2023,"7,105812739","4,08"
25/12/2023,-,-
26/12/2023,"7,080495117","-0,36"
27/12/2023,"7,148008777","0,95"
28/12/2023,"7,164887192","0,24"
29/12/2023,-,-
01/01/2024,-,-
02/01/2024,"7,24084006","1,06"
03/01/2024,"7,223961645","-0,23"
04/01/2024,"7,20708323","-0,23"
05/01/2024,"7,223961645","0,23"
08/01/2024,"7,283036098","0,82"
09/01/2024,"7,257718475","-0,35"
10/01/2024,"7,257718475","0,00"
11/01/2024,"7,198644022","-0,81"
12/01/2024,"7,228408055","0,41"
15/01/2024,"7,126359942","-1,41"
16/01/2024,"7,15187197","0,36"
17/01/2024,"7,143367961","-0,12"
18/01/2024,"7,194392017","0,71"
19/01/2024,"7,253920084","0,83"
22/01/2024,"7,228408055","-0,35"
23/01/2024,"7,126359942","-1,41"
24/01/2024,"7,100847913","-0,36"
25/01/2024,"7,177383999","1,08"
26/01/2024,"7,211400036","0,47"
29/01/2024,"7,202896027","-0,12"
30/01/2024,"7,202896027","0,00"
31/01/2024,"7,245416074","0,59"
01/02/2024,"7,185888008","-0,82"
02/02/2024,"7,194392017","0,12"
05/02/2024,"7,185888008","-0,12"
06/02/2024,"7,202896027","0,24"
07/02/2024,"7,211400036","0,12"
08/02/2024,"7,253920084","0,59"
09/02/2024,"7,262424093","0,12"
12/02/2024,-,-
13/02/2024,-,-
14/02/2024,"7,262424093","0,00"
15/02/2024,"7,296721255","0,47"
16/02/2024,"7,288146965","-0,12"
19/02/2024,"7,296721255","0,12"
20/02/2024,"7,288146965","-0,12"
21/02/2024,"7,305295546","0,24"
22/02/2024,"7,331018418","0,35"
23/02/2024,"7,305295546","-0,35"
26/02/2024,"7,322444127","0,23"
27/02/2024,"7,253849803","-0,94"
28/02/2024,"7,305295546","0,71"
29/02/2024,"7,305295546","0,00"
01/03/2024,"7,313869837","0,12"
04/03/2024,"7,313869837","0,00"
05/03/2024,"7,305295546","-0,12"
06/03/2024,"7,305295546","0,00"
07/03/2024,"7,322444127","0,23"
08/03/2024,"7,296721255","-0,35"
11/03/2024,"7,245275512","-0,71"
12/03/2024,"7,21097835","-0,47"
13/03/2024,"7,259432248","0,67"
14/03/2024,"7,224822321","-0,48"
15/03/2024,"7,26808473","0,60"
18/03/2024,"7,319999621","0,71"
19/03/2024,"7,319999621","0,00"
20/03/2024,"7,328652103","0,12"
21/03/2024,"7,36326203","0,47"
22/03/2024,"7,380566994","0,24"
25/03/2024,"7,36326203","-0,23"
26/03/2024,"7,354609548","-0,12"
27/03/2024,"7,380566994","0,35"
28/03/2024,"7,406524439","0,35"
29/03/2024,-,-
01/04/2024,"7,441134366","0,47"
02/04/2024,"7,397871957","-0,58"
03/04/2024,"7,467091812","0,94"
04/04/2024,"7,467091812","0,00"
05/04/2024,"7,562269112","1,27"
08/04/2024,"7,519006703","-0,57"
09/04/2024,"7,527659185","0,12"
10/04/2024,"7,493049257","-0,46"
11/04/2024,"7,474711764","-0,24"
12/04/2024,"7,448515344","-0,35"
15/04/2024,"7,457247484","0,12"
16/04/2024,"7,404854644","-0,70"
17/04/2024,"7,361193945","-0,59"
18/04/2024,"7,422318924","0,83"
19/04/2024,"7,387390364","-0,47"
22/04/2024,"7,404854644","0,24"
23/04/2024,"7,457247484","0,71"
24/04/2024,"7,422318924","-0,47"
25/04/2024,"7,404854644","-0,24"
26/04/2024,"7,387390364","-0,24"
29/04/2024,"7,431051064","0,59"
30/04/2024,"7,483443903","0,71"
01/05/2024,-,-
02/05/2024,"7,474711764","-0,12"
03/05/2024,"7,422318924","-0,70"
06/05/2024,"7,448515344","0,35"
07/05/2024,"7,474711764","0,35"
08/05/2024,"7,500908183","0,35"
09/05/2024,"7,457247484","-0,58"
10/05/2024,"7,483443903","0,35"
13/05/2024,"7,422318924","-0,82"
14/05/2024,"7,387058502","-0,48"
15/05/2024,"7,387058502","0,00"
16/05/2024,"7,466394452","1,07"
17/05/2024,"7,536915297","0,94"
20/05/2024,"7,528100191","-0,12"
21/05/2024,"7,501654875","-0,35"
22/05/2024,"7,501654875","0,00"
23/05/2024,"7,466394452","-0,47"
24/05/2024,"7,519285086","0,71"
27/05/2024,"7,528100191","0,12"
28/05/2024,"7,492839769","-0,47"
29/05/2024,"7,395873607","-1,29"
30/05/2024,-,-
31/05/2024,"7,395873607","0,00"
03/06/2024,"7,378243396","-0,24"
04/06/2024,"7,36942829","-0,12"
05/06/2024,"7,36942829","0,00"
06/06/2024,"7,404688713","0,48"
07/06/2024,"7,395873607","-0,12"
10/06/2024,"7,422318924","0,36"
11/06/2024,"7,387058502","-0,48"
12/06/2024,"7,342982974","-0,60"
13/06/2024,"7,323406432","-0,27"
14/06/2024,"7,367898573","0,61"
17/06/2024,"7,367898573","0,00"
18/06/2024,"7,33230486","-0,48"
19/06/2024,"7,287812719","-0,61"
20/06/2024,"7,287812719","0,00"
21/06/2024,"7,341203288","0,73"
24/06/2024,"7,296711147","-0,61"
25/06/2024,"7,261117434","-0,49"
26/06/2024,"7,27891429","0,25"
27/06/2024,"7,305609575","0,37"
28/06/2024,"7,359000144","0,73"
01/07/2024,"7,27891429","-1,09"
02/07/2024,"7,323406432","0,61"
03/07/2024,"7,323406432","0,00"
04/07/2024,"7,359000144","0,49"
05/07/2024,"7,403492286","0,60"
08/07/2024,"7,421289142","0,24"
09/07/2024,"7,412390714","-0,12"
10/07/2024,"7,394593857","-0,24"
11/07/2024,"7,43680762","0,57"
12/07/2024,"7,445789272","0,12"
15/07/2024,"7,481715879","0,48"
16/07/2024,"7,499679182","0,24"
17/07/2024,"7,508660834","0,12"
18/07/2024,"7,526624138","0,24"
19/07/2024,"7,616440655","1,19"
22/07/2024,"7,526624138","-1,18"
23/07/2024,"7,499679182","-0,36"
24/07/2024,"7,427825969","-0,96"
25/07/2024,"7,43680762","0,12"
26/07/2024,"7,490697531","0,72"
29/07/2024,"7,355972755","-1,80"
30/07/2024,"7,346991103","-0,12"
31/07/2024,"7,400881014","0,73"
01/08/2024,"7,427825969","0,36"
02/08/2024,"7,409862665","-0,24"
05/08/2024,"7,346991103","-0,85"
06/08/2024,"7,346991103","0,00"
07/08/2024,"7,338009452","-0,12"
08/08/2024,"7,3290278","-0,12"
09/08/2024,"7,364954407","0,49"
12/08/2024,"7,355972755","-0,12"
13/08/2024,"7,356879892","0,01"
14/08/2024,"7,375022629","0,25"
15/08/2024,"7,465736314","1,23"
16/08/2024,"7,502021789","0,49"
19/08/2024,"7,610878211","1,45"
20/08/2024,"7,55645","-0,72"
21/08/2024,"7,538307263","-0,24"
22/08/2024,"7,483879051","-0,72"
23/08/2024,"7,529235894","0,61"
26/08/2024,"7,474807683","-0,72"
27/08/2024,"7,502021789","0,36"
28/08/2024,"7,447593577","-0,73"
29/08/2024,"7,42945084","-0,24"
30/08/2024,"7,447593577","0,24"
02/09/2024,"7,474807683","0,37"
03/09/2024,"7,474807683","0,00"
04/09/2024,"7,483879051","0,12"
05/09/2024,"7,465736314","-0,24"
06/09/2024,"7,502021789","0,49"
09/09/2024,"7,511093157","0,12"
10/09/2024,"7,483879051","-0,36"
11/09/2024,"7,447593577","-0,48"
12/09/2024,"7,448509753","0,01"
13/09/2024,"7,46683327","0,25"
16/09/2024,"7,457671512","-0,12"
17/09/2024,"7,439347995","-0,25"
18/09/2024,"7,375215684","-0,86"
19/09/2024,"7,320245133","-0,75"
20/09/2024,"7,375215684","0,75"
23/09/2024,"7,301921615","-0,99"
24/09/2024,"7,246951064","-0,75"
25/09/2024,"7,265274581","0,25"
26/09/2024,"7,191980512","-1,01"
27/09/2024,"7,201142271","0,13"
30/09/2024,"7,155333477","-0,64"
01/10/2024,"7,13700996","-0,26"
02/10/2024,"7,118686443","-0,26"
03/10/2024,"7,07287765","-0,64"
04/10/2024,"7,036230616","-0,52"
07/10/2024,"6,972098305","-0,91"
08/10/2024,"6,990421822","0,26"
09/10/2024,"6,944613029","-0,66"
10/10/2024,"6,953774788","0,13"
11/10/2024,"7,029620696","1,09"
14/10/2024,"7,0758682","0,66"
15/10/2024,"7,103616703","0,39"
16/10/2024,"7,131365206","0,39"
17/10/2024,"7,159113708","0,39"
18/10/2024,"7,186862211","0,39"
21/10/2024,"7,251608717","0,90"
22/10/2024,"7,260858218","0,13"
23/10/2024,"7,029620696","-3,18"
24/10/2024,"6,909377184","-1,71"
25/10/2024,"6,964874189","0,80"
28/10/2024,"6,696638663","-3,85"
29/10/2024,"6,687389162","-0,14"
30/10/2024,"6,66889016","-0,28"
31/10/2024,"6,66889016","0,00"
01/11/2024,"6,66889016","0,00"
04/11/2024,"6,650391158","-0,28"
05/11/2024,"6,650391158","0,00"
06/11/2024,"6,724387165","1,11"
07/11/2024,"6,733636666","0,14"
08/11/2024,"6,733636666","0,00"
11/11/2024,"6,659640659","-1,10"
12/11/2024,"6,641141657","-0,28"
13/11/2024,"6,531046867","-1,66"
14/11/2024,"6,661667804","2,00"
15/11/2024,-,-
18/11/2024,"6,605687403","-0,84"
19/11/2024,"6,605687403","0,00"
20/11/2024,-,-
21/11/2024,"6,559037068","-0,71"
22/11/2024,"6,559037068","0,00"
25/11/2024,"6,549707001","-0,14"
26/11/2024,"6,559037068","0,14"
27/11/2024,"6,5217168","-0,57"
28/11/2024,"6,409755997","-1,72"
29/11/2024,"6,428416131","0,29"
02/12/2024,"6,297795193","-2,03"
03/12/2024,"6,269804992","-0,44"
04/12/2024,"6,18583439","-1,34"
05/12/2024,"6,055213452","-2,11"
06/12/2024,"6,120523921","1,08"
09/12/2024,"6,045883385","-1,22"
10/12/2024,"6,036553319","-0,15"
11/12/2024,"6,148514122","1,85"
12/12/2024,"6,153232859","0,08"
13/12/2024,"6,096608017","-0,92"
16/12/2024,"5,955045911","-2,32"
17/12/2024,"5,822921279","-2,22"
18/12/2024,"5,766296437","-0,97"
19/12/2024,"5,936170963","2,95"
20/12/2024,"5,983358332","0,79"
23/12/2024,"6,077733069","1,58"
24/12/2024,-,-
25/12/2024,-,-
26/12/2024,"6,134357911","0,93"
27/12/2024,"6,464669491","5,38"
30/12/2024,"6,445794544","-0,29"
31/12/2024,-,-
01/01/2025,-,-
02/01/2025,"6,370294754","-1,17"
03/01/2025,"6,398607175","0,44"
06/01/2025,"6,379732228","-0,29"
07/01/2025,"6,389169702","0,15"
08/01/2025,"6,43635707","0,74"
09/01/2025,"6,285357491","-2,35"
10/01/2025,"6,25704507","-0,45"
13/01/2025,"6,200420227","-0,90"
14/01/2025,"6,100182487","-1,62"
15/01/2025,"6,176554099","1,25"
16/01/2025,"6,176554099","0,00"
17/01/2025,"6,033357327","-2,32"
20/01/2025,"6,004717972","-0,47"
21/01/2025,"6,090636035","1,43"
22/01/2025,"5,995171521","-1,57"
23/01/2025,"6,014264424","0,32"
24/01/2025,"5,985625069","-0,48"
27/01/2025,"5,890160555","-1,59"
28/01/2025,"5,871067652","-0,32"
29/01/2025,"5,851974749","-0,33"
30/01/2025,"5,871067652","0,33"
31/01/2025,"5,928346361","0,98"
03/02/2025,"5,909253458","-0,32"
04/02/2025,"5,928346361","0,32"
05/02/2025,"5,918799909","-0,16"
06/02/2025,"5,966532166","0,81"
07/02/2025,"6,090636035","2,08"
10/02/2025,"6,023810875","-1,10"
11/02/2025,"6,033357327","0,16"
12/02/2025,"6,023810875","-0,16"
13/02/2025,"5,970673811","-0,88"
14/02/2025,"6,009318949","0,65"
17/02/2025,"6,038302802","0,48"
18/02/2025,"6,038302802","0,00"
19/02/2025,"5,970673811","-1,12"
20/02/2025,"5,961012526","-0,16"
21/02/2025,"5,980335095","0,32"
24/02/2025,"5,980335095","0,00"
25/02/2025,"6,038302802","0,97"
26/02/2025,"6,018980233","-0,32"
27/02/2025,"6,067286655","0,80"
28/02/2025,"6,115593078","0,80"
03/03/2025,-,-
04/03/2025,-,-
05/03/2025,"6,241189776","2,05"
06/03/2025,"6,386109043","2,32"
07/03/2025,"6,424754181","0,61"
10/03/2025,"6,463399319","0,60"
11/03/2025,"6,502044457","0,60"
12/03/2025,"6,579334733","1,19"
13/03/2025,"6,646963724","1,03"
14/03/2025,"6,733915285","1,31"
17/03/2025,"6,802329518","1,02"
18/03/2025,"6,870743752","1,01"
19/03/2025,"6,9098376","0,57"
20/03/2025,"6,919611062","0,14"
21/03/2025,"6,939157986","0,28"
24/03/2025,"6,997798757","0,85"
25/03/2025,"7,046666067","0,70"
26/03/2025,"7,105306839","0,83"
27/03/2025,"7,095533377","-0,14"
28/03/2025,"7,056439529","-0,55"
31/03/2025,"7,036892605","-0,28"
01/04/2025,"7,085759915","0,69"
02/04/2025,"7,085759915","0,00"
03/04/2025,"7,046666067","-0,55"
04/04/2025,"7,017345681","-0,42"
07/04/2025,"7,007572219","-0,14"
08/04/2025,"7,036892605","0,42"
09/04/2025,"6,997798757","-0,56"
10/04/2025,"7,027119143","0,42"
11/04/2025,"7,009323963","-0,25"
14/04/2025,"7,019210174","0,14"
15/04/2025,"7,216934404","2,82"
16/04/2025,"7,157617135","-0,82"
17/04/2025,"7,236706827","1,10"
18/04/2025,-,-
21/04/2025,-,-
22/04/2025,"7,286137885","0,68"
23/04/2025,"7,375113789","1,22"
24/04/2025,"7,404772423","0,40"
25/04/2025,"7,503634538","1,34"
28/04/2025,"7,483862115","-0,26"
29/04/2025,"7,483862115","0,00"
30/04/2025,"7,543179384","0,79"
01/05/2025,-,-
02/05/2025,"7,473975904","-0,92"
05/05/2025,"7,365227577","-1,46"
06/05/2025,"7,296024096","-0,94"
07/05/2025,"7,315796519","0,27"
08/05/2025,"7,394886212","1,08"
09/05/2025,"7,483862115","1,20"
12/05/2025,"7,394886212","-1,19"
13/05/2025,"7,385","-0,13"
14/05/2025,"7,42","0,47"
15/05/2025,"7,42","0,00"
16/05/2025,"7,46","0,54"
19/05/2025,"7,45","-0,13"
20/05/2025,"7,45","0,00"
21/05/2025,"7,43","-0,27"
22/05/2025,"7,47","0,54"
23/05/2025,"7,43","-0,54"
26/05/2025,"7,35","-1,08"
27/05/2025,"7,35","0,00"
28/05/2025,"7,36","0,14"
29/05/2025,"7,36","0,00"
30/05/2025,"7,39","0,41"
02/06/2025,"7,35","-0,54"
03/06/2025,"7,34","-0,14"
04/06/2025,"7,35","0,14"